,RELIANCE.NS,TCS.NS,INFY.NS
0,0.013168536379771834,0.002342881681929865,0.006487837622693837
1,0.013850035211726008,0.0,0.005328753710150125
2,0.01562698380213523,0.0012121880848174893,0.002799903643689039
3,0.01830441355163942,0.004213812835716313,0.0010236828975460077
4,0.019740562277063778,0.009436198736403945,0.0
5,0.022320759971927506,0.013535987161006457,0.007240466943011836
6,0.02835735373159376,0.012657388350370224,0.008836053908126917
7,0.02903885256354788,0.02853601479447343,0.012117556162836274
8,0.02679948836634105,0.025916749962985708,0.0192075292568869
9,0.03227616540319378,0.02361473672432496,0.020005231267723467
10,0.03234924919936588,0.018693361694643196,0.02081816332010511
11,0.019594529215407275,0.03573521165926752,0.03337219966758259
12,0.02034911184353355,0.041933834620584254,0.04217806790778239
13,0.018012347428326525,0.04669246307368896,0.04235872455674061
14,0.023659508479351554,0.0533789864063704,0.03957393661494529
15,0.043229654007586826,0.08014001150521816,0.04154592971194038
16,0.04894983158944005,0.07779160312989247,0.049704589790264875
17,0.040722506476223275,0.08963104085768075,0.052323791049135315
18,0.04050352414908248,0.08089833201484525,0.049192805511317494
19,0.039821924419112475,0.09358563238122625,0.05145083067985301
20,0.03295773150049175,0.08608411569172719,0.04776275949326675
21,0.0382640926865318,0.07947932924558404,0.04162123380624666
22,0.029769118769846004,0.08376038351761622,0.039920225682688826
23,0.01053960494323597,0.08621457474372868,0.039513816826323656
24,0.009468673402640626,0.0779874129073112,0.03799351108758453
25,0.00457616224508578,0.060709321039898734,0.028826260945677584
26,0.005695793894681278,0.0538275212072315,0.02921766843980017
27,0.010637038793908205,0.05695053929377197,0.03680426437504386
28,0.007375308634418376,0.05654272749688005,0.029247671164285394
29,0.015967682769104374,0.055825129991222244,0.0273360951390052
30,0.02480352381611911,0.04677439387929372,0.0258156979285451
31,0.025777156036729976,0.04906564460976259,0.030843280997330746
32,0.01879128011095288,0.050239727598008876,0.0349376695685612
33,0.021566177343801285,0.04869874973590643,0.03605168079058635
34,0.01869391352562455,0.05214784273280054,0.03761717355949529
35,0.02271012541522477,0.06805604183454805,0.04076327479920694
36,0.020276095312705356,0.06934429467320807,0.04478235927613122
37,0.025095657204775856,0.07351908129678725,0.04324686923170745
38,0.027261937605810582,0.06632730183628749,0.038113956476200084
39,0.03300639797681992,0.06806413795557525,0.04160616384021332
40,0.03497804610521382,0.06687376576574128,0.04834980213065987
41,0.031984132912552754,0.06730567200664828,0.04478235927613122
42,0.020154378672877005,0.07841951306728473,0.04332221906187422
43,0.013703968517397525,0.06813748784248652,0.04195231570037539
44,0.0034320796429744282,0.06563418661277781,0.0397697089657974
45,0.013996101906054326,0.0618019095404399,0.04354790266549047
46,0.014799351010508777,0.06671877595182507,0.045580084154898004
47,0.02317264192003815,0.0696623219423011,0.052308675347241484
48,0.023927224548164427,0.04269758486407388,0.05172165557777858
49,0.022564159618912227,0.04271387406566157,0.050818578144359805
50,0.014166518654882831,0.03990898020774741,0.0513303166874467
51,0.008446374705701531,0.03273368386790193,0.04813907415342572
52,0.006231326930322856,0.03359788418784898,0.040567571052145646
53,0.003456396064802525,0.03911798433541169,0.04592630461885078
54,0.006912825762276975,0.037797007654276404,0.046814472161747944
55,0.01238960369714548,0.03365489639340591,0.0449479002231955
56,0.005452427880368482,0.031502200835965666,0.04684456635795414
57,0.008957524054171107,0.03131472957840731,0.043126446711022226
58,0.00832459080052933,0.036321138118758145,0.04275010918293293
59,0.0,0.03655767090014611,0.036066705020759204
60,0.004989877742883175,0.04642378820702525,0.03767740768776817
61,0.008202874160700868,0.04668470631102811,0.03867088204945679
62,0.00593922717433798,0.04662774258523783,0.03377865425980825
63,0.012413953751645557,0.05430034437117426,0.04080837035765578
64,0.01377698504822572,0.05305281453648347,0.0346216347725356
65,0.016211082416089095,0.04874766582043616,0.029879992303569358
66,0.016722265397230707,0.050981758906048225,0.030527291937165635
67,0.02344039162152295,0.06346515337398329,0.03379367848998116
68,0.022393742870083777,0.08386621484816964,0.045339216245597114
69,0.027334954136638723,0.08615761101793834,0.048003558798776824
70,0.02645865486868415,0.09175906021390628,0.036488115239367014
71,0.0299637846751587,0.08832649881743299,0.034079687693591265
72,0.026921171373497477,0.08710345126489044,0.03430546276892854
73,0.029014569774391707,0.0923300064255082,0.036382831288505835
74,0.022004276528770628,0.12678806711267404,0.0501109986466301
75,0.025947572785558537,0.12779911264574345,0.052895786588425364
76,0.042523771488460704,0.12404857245994377,0.04290069450361522
77,0.04274292197896129,0.13784475052845363,0.044661913887515614
78,0.04510390191798047,0.14909704980258548,0.04950895464699434
79,0.05530284152691928,0.13486033609470854,0.052143225871898125
80,0.039237758539814704,0.1479310144555998,0.056448182344850995
81,0.04381385351955658,0.14265549473068567,0.05571062299056634
82,0.03841019301353216,0.139736527981891,0.05134540952141031
83,0.03468604724724483,0.13955700740605997,0.04850034171548162
84,0.04298628799327403,0.12980496299006133,0.05148081053640796
85,0.04108769002838025,0.13310730773336626,0.04622745239228504
86,0.045761151593450455,0.14095128549433994,0.047777737987579116
87,0.04792746562715705,0.13474616624429475,0.046964920274848665
88,0.05187082914928881,0.13567571728965916,0.0508034395745357
89,0.050580679852849086,0.13185987485820877,0.05337749953909687
90,0.0468564668212178,0.13982611859062338,0.05495806227403904
91,0.035756945155168196,0.1417014129234065,0.05357313468236735
92,0.030499317710800278,0.14135900033169851,0.05145083067985301
93,0.024900856768775348,0.1430307766041688,0.05154099892882036
94,0.02368382490117965,0.15195085974502937,0.05042710204644646
95,0.021444527969316785,0.14414760498802498,0.05474726569301419
96,0.01438553461469555,0.14189722270082522,0.05205278320776774
97,0.016138099517932825,0.15960746320797786,0.06292099573737203
98,0.018547846831296233,0.15668835101988338,0.06511864957005314
99,0.0183531472933115,0.1430307766041688,0.06093406988192507
100,0.01691703220055918,0.1465286402462927,0.06162637360224915
101,0.01625978252508925,0.14499575850521756,0.0601211606974737
102,0.0188156301654529,0.14450247687975687,0.06617235806001465
103,0.0232943585598665,0.14167426425409363,0.06286078447702936
104,0.0283085863572497,0.1455547302144619,0.06846043168889582
105,0.03161901662573963,0.13810591103128972,0.06287583157513249
106,0.03490502957438568,0.13947076190122515,0.0678733890515027
107,0.043156671109430556,0.14269364830702352,0.07238918784134096
108,0.049485364625081685,0.14649194106295377,0.07467730720608268
109,0.048657731833455176,0.1473469787070078,0.07538477236416119
110,0.055716657922732504,0.15764068755556387,0.07421066422144457
111,0.058321138406752404,0.17181481388472147,0.07911787050540542
112,0.06097428536710048,0.1597947890262364,0.0776989611693854
113,0.06401693230143374,0.17706008223525854,0.09051465237475903
114,0.06467414834423163,0.17342632980727063,0.08624283153273532
115,0.05518115851976291,0.17194638797135536,0.07828508908956866
116,0.0664753460911251,0.17127217985683146,0.07876314317140043
117,0.07265797291244791,0.1702526988443684,0.07981186645256788
118,0.06318936677515113,0.16711208260254123,0.08021278700567364
119,0.0592704205728633,0.17021987804235988,0.08780022905433649
120,0.0468564668212178,0.1809901914766559,0.08946592909359158
121,0.043622281820064335,0.18296341493803164,0.08704467263894677
122,0.033379687002919656,0.17793169995950003,0.09309003867927451
123,0.046856735882593537,0.17959242284517857,0.0985185194332357
124,0.041049348782344286,0.18077639570581733,0.10700046344147435
125,0.04629318683120809,0.1882416980096438,0.1128761951752234
126,0.05550658825366156,0.1856437642754733,0.11023906545903867
127,0.042960659897239406,0.19029719163499076,0.09136277817179217
128,0.049356181532077936,0.2010348297065781,0.09143993456844851
129,0.058937120793725706,0.1911851470405866,0.0959429959211387
130,0.07295326777226907,0.1885871163468828,0.09672956124994453
131,0.07937327399229532,0.22305244899904303,0.1026052472478331
132,0.10071602949625691,0.22024062253450088,0.09455514123439529
133,0.10926784262855749,0.2234471712589448,0.10166464354087756
134,0.09770207123110686,0.2261109405161989,0.10642990858178991
135,0.10561678065844227,0.23169653682847885,0.1049031540867209
136,0.10571481989720988,0.23107032368291863,0.10325300424003436
137,0.11174266916216613,0.22485870814414505,0.10144863307175617
138,0.12340644616571239,0.22986749219306074,0.11113361315447495
139,0.11931435896816711,0.2328498704766075,0.11355477813739878
140,0.11473221010747225,0.23065839110586323,0.12009367984833619
141,0.11679049599883884,0.22489177134498678,0.12212933726314135
142,0.11458510080031303,0.21935552743513625,0.11889078098143752
143,0.12399461433297354,0.21245181474795222,0.11895247865724629
144,0.13455567692092085,0.2127320277990738,0.1120279321706088
145,0.15151226114370664,0.21128214341846924,0.11637700088100983
146,0.15462429228029617,0.2232438955974651,0.11296876455686677
147,0.14286254330332637,0.21398416321159447,0.11284541494110978
148,0.1470771879574989,0.22421610883746385,0.11606851250196604
149,0.15474684973692354,0.22293100718363484,0.11500442197167199
150,0.15063014342350267,0.22022879347144314,0.11725599838387757
151,0.1670476631800909,0.22242017588265411,0.11565217896387325
152,0.1671703551674062,0.22253550924746696,0.12095721863035636
153,0.16043164574787339,0.22871420702469875,0.12265369890372507
154,0.15234547695887868,0.23103740592137684,0.1298402661351427
155,0.16356816146965092,0.23215777332819704,0.12970145779853814
156,0.15876534864821712,0.23378897203599797,0.1362557267586021
157,0.1602110826851505,0.23518935857487328,0.13650251746183717
158,0.17547701975377994,0.23426693405520355,0.12228360432059349
159,0.18150493628408015,0.23680421960131987,0.12219098920308963
160,0.1924091866567217,0.24255450168084197,0.12633950616521683
161,0.19635416454710763,0.24515776818934182,0.1204483157106202
162,0.20321516236189208,0.24776103469784155,0.13189129079907447
163,0.21669231213958184,0.25379152982848535,0.1347597524976467
164,0.20453833894219797,0.25471414826722166,0.13025669114495653
165,0.1948594613397986,0.25814118297029903,0.13213803576644906
166,0.17878499483721666,0.25682321203469477,0.1398181844043368
167,0.17265900543547708,0.24842006864541027,0.13770541632873579
168,0.17893203687903203,0.26357852815622423,0.15005826062589245
169,0.1716054283536138,0.25710332812628317,0.1455859795073159
170,0.18846400697030397,0.2558015494327334,0.14388954496980766
171,0.1968932290133052,0.25730093165506723,0.14737484621888602
172,0.18574413278878454,0.25759748238754315,0.14617190161612686
173,0.17684916550446173,0.2462287831937326,0.14830008267671496
174,0.18410245480500398,0.2454708990020052,0.15360530528664007
175,0.1844208889431347,0.25253915201713156,0.14793007956530435
176,0.1710662966220723,0.25542268005651964,0.143149310067684
177,0.16677813094699212,0.2543022641699328,0.13892359097303997
178,0.1636416152252147,0.25665833234838603,0.13932469446958767
179,0.16694965757399538,0.2649790601343995,0.13041091246654818
180,0.1740801876218785,0.29638338032153916,0.13839936654003776
181,0.17336966379402174,0.29135796771266936,0.14330353138927565
182,0.18356318854277476,0.27783060995012304,0.13815266730852366
183,0.18471497302676532,0.2932197361905627,0.14243985539967396
184,0.1867732252854598,0.29152270195967817,0.14567845741723828
185,0.17390879552556315,0.31519939582575635,0.15591853363879393
186,0.16087277187331928,0.28465205247333586,0.1447223035177142
187,0.12027003134195069,0.2523416454478808,0.13158298536347268
188,0.08429850973966868,0.2648141319683241,0.14231636857633545
189,0.1139725825785517,0.25654304746333984,0.13605531221790973
190,0.10448961529032752,0.2612388946186586,0.1380909696327149
191,0.11039504162934433,0.24535542019789242,0.1274190096804979
192,0.10338693450740066,0.22438074612493947,0.11070168368795313
193,0.12237735366903701,0.20406534839838847,0.11406368105713499
194,0.12884636269211114,0.21434674338622056,0.12640115810516506
195,0.14063269715228466,0.21856462852233377,0.12421123363290776
196,0.13450670775054507,0.20772304983109163,0.1304416927006618
197,0.11000295193961807,0.20238474880839158,0.11699388616737644
198,0.09106156921370145,0.19902359810816433,0.11477308998928448
199,0.08716542596300347,0.18074561105400727,0.10098596910698121
200,0.08277932194717164,0.18234723710416384,0.0961743279035262
201,0.07545261252373758,0.18383314195137462,0.09988469532210414
202,0.08236268040691364,0.16603408651175572,0.09043735877052123
203,0.10338693450740066,0.1897772946176502,0.09739035296238707
204,0.0882926249637902,0.19763654350511234,0.10665067558040286
205,0.09037546270568864,0.2119518913944633,0.12336292489243261
206,0.08792505349192392,0.21115919873029548,0.1110782270274146
207,0.09706493389346982,0.20379531609825913,0.10830320369183521
208,0.10461217274695489,0.1963321469041645,0.1106416325031222
209,0.1113751649556437,0.21015198309878985,0.11092235921484511
210,0.11460965265084477,0.213272674156532,0.11656579851313625
211,0.10615584512463994,0.2023918268543195,0.10658833760254716
212,0.09956437954295427,0.2042575221933099,0.10951913727897511
213,0.10909631600155423,0.21089522640099495,0.11045457283369459
214,0.10836117305782167,0.19296401511754252,0.10265976439354402
215,0.1078221422242962,0.19038799423788882,0.10465521998697347
216,0.12279386067860709,0.19492875461975817,0.10119429595153934
217,0.13386967131092387,0.20016277566443702,0.10172437457468503
218,0.1276946791061364,0.19217127397360817,0.09530141327010438
219,0.11568778158323989,0.17029395512577056,0.08139528767879112
220,0.11076254583586664,0.1704758027303998,0.08242420733236394
221,0.114144041940211,0.18155468987929607,0.08286071038493537
222,0.12318598400100522,0.19613425249678068,0.09374246072924636
223,0.13516839693871385,0.22705949563008226,0.1108911216221265
224,0.14293599705889015,0.21934878874757463,0.1075548278065433
225,0.14247045361360022,0.22189155250732012,0.11154601340856513
226,0.1370306379852173,0.22656432329372306,0.11335422638912496
227,0.13499666851567893,0.2359590718296583,0.12264587807158034
228,0.13639350064758027,0.23460522586674787,0.12024501981071661
229,0.12095617148263549,0.22996561524071996,0.1122006765157012
230,0.12593030913504066,0.23079103174736298,0.12111798017999892
231,0.10458762089642315,0.22438472146580318,0.11263713383241214
232,0.10816516184563052,0.2323760777173321,0.11594228152699776
233,0.11451161341207727,0.23792405373070707,0.11843662388671478
234,0.11282089899257708,0.2266304496954064,0.1304406865117309
235,0.11534476196190546,0.22899136585052265,0.13561656810817402
236,0.12401906528548945,0.23049399621722072,0.12835174681944816
237,0.12720461744298672,0.22836408615009668,0.11725174494885149
238,0.12740066228784974,0.22195763042923694,0.10992453994640938
239,0.12330854145763259,0.21720244403956296,0.1112964328178398
240,0.10946385384074853,0.19796678767539616,0.09829464239610897
241,0.10404852279755361,0.20546287463103258,0.1000407003422551
242,0.10855728516802865,0.1957873312867761,0.0969538499098157
243,0.11926535616511935,0.20230931429151516,0.10490466337011728
244,0.12188725837321523,0.19804939719773368,0.10499819320483106
245,0.11977996967880089,0.19705871316664886,0.10624536438468957
246,0.11965741222217352,0.20027830294831633,0.11004926163798129
247,0.11250233032375856,0.2070479206010017,0.11254360399769836
248,0.1058128255033054,0.1993371652387274,0.11260594197555401
249,0.10870422631182808,0.1917089709190241,0.1075548278065433
250,0.11169366635911837,0.19866024225727225,0.11419622358085163
251,0.11164469718874259,0.19722378677202418,0.11316712098383686
252,0.11463413723603277,0.19504428190363748,0.11693996358785197
253,0.11304142842262799,0.1955727113599049,0.11918490830028566
254,0.10841017586086943,0.18038235216264847,0.12155448323257034
255,0.10779765763910831,0.17070676033862536,0.1330285587061617
256,0.12389654146153406,0.18872048418488202,0.14843129886047723
257,0.12695950252973187,0.18949654828909573,0.15479192218720222
258,0.12624891143653116,0.19881227480542402,0.15264059878120328
259,0.1507036644444103,0.20091377572930297,0.15114393848234048
260,0.17684916550446173,0.20357764194609024,0.15990537433406865
261,0.17559937541437554,0.20132745357795706,0.16012353438863336
262,0.17126230783426344,0.19262388107486622,0.1515804415349119
263,0.18162742647536356,0.20121158693571123,0.1543079453114362
264,0.1809167681168189,0.2075819737101982,0.15327340014702245
265,0.17285515117835604,0.21889986610858053,0.1517685531291309
266,0.16359271332018277,0.22808329134177546,0.1517372698005518
267,0.1562660375294206,0.22763664725181293,0.15048314676989794
268,0.17167888210917748,0.23845805836013695,0.16531208481843385
269,0.1828526647149179,0.24370318127137408,0.170014783202188
270,0.2029211455436054,0.2504212164523651,0.16929375736147256
271,0.20323964694707997,0.24853491721255688,0.16863538964963626
272,0.2124040791991577,0.25854574662282676,0.17393361467290552
273,0.20267616516103848,0.26122614444003495,0.1743724959902227
274,0.19645217015320326,0.25411115692987724,0.1724289048625955
275,0.18446985811351047,0.2556002614416854,0.17362018682092817
276,0.1860135304911954,0.25086810294116074,0.16587651107281187
277,0.1702331480722442,0.24855130337367787,0.1593554006116073
278,0.1801572078532424,0.2436206202288031,0.16054691124924247
279,0.1682238649839255,0.2239631414151883,0.15998243925900402
280,0.1662636183313264,0.20228701359886542,0.1494799306699237
281,0.17520748752068116,0.2055799532674441,0.15976304433620592
282,0.18135789424226478,0.2053978147842151,0.1552170827463707
283,0.17422722966369386,0.2091869448642522,0.15615764071746568
284,0.17420274507850586,0.22887753535847538,0.16866658150649438
285,0.16829731873948917,0.2465989746917196,0.16089166816565942
286,0.1698900948182378,0.25301910170676895,0.15634579804754523
287,0.1735902941220886,0.22831483070720054,0.15574999699286712
288,0.17113975037763607,0.2322696161498125,0.16051544497722142
289,0.17682468091927372,0.22985382089887113,0.15462137316341357
290,0.19013023680461638,0.23365943409956252,0.15462137316341357
291,0.19280114181576002,0.23819316491527048,0.14863349709972895
292,0.1912574694380751,0.24130386914108687,0.14198707038076608
293,0.2093901881993515,0.23868974316486197,0.14129741934035073
294,0.2227447805204138,0.23791193378904957,0.1386011074206845
295,0.2305614843416538,0.23395729378573743,0.13954166539177948
296,0.22774347002335082,0.2296221360941461,0.1394790072629003
297,0.21799100413469985,0.24701260406060704,0.14587457278704402
298,0.23190914550714758,0.24133717474076172,0.14063900589265393
299,0.24489619998901557,0.24133717474076172,0.14819447857483026
300,0.24435693372678624,0.23877230420743284,0.15866574957119195
301,0.22784147562944645,0.23566159998161645,0.16126784561823693
302,0.21936308262003767,0.22857962719253383,0.15634579804754523
303,0.24033850208083662,0.2280500827016339,0.15164319113551206
304,0.23151705581742144,0.2231688973984884,0.15286584789414487
305,0.2367853448188011,0.23389116738405408,0.15794472373047652
306,0.2523942678760931,0.24426583744288227,0.1687920807076947
307,0.2513406907942298,0.2600347056953351,0.17148825541977947
308,0.2442345108008468,0.2600347056953351,0.16766345687824113
309,0.23337936412926885,0.2385903596432703,0.16427758538988052
310,0.23379587113883893,0.24977590227875263,0.1714255515550398
311,0.2217155534930506,0.2572053295552728,0.1764104401980527
312,0.2242640355782548,0.26407214914005134,0.17224070179665546
313,0.2227692651056017,0.2471119875821986,0.16728723368980314
314,0.23031636942839895,0.24024502255812014,0.16101698442341777
315,0.22850309755227138,0.2385903596432703,0.16418350672484078
316,0.22705743078068197,0.2712864232122673,0.15148645434159314
317,0.2288216662210898,0.27740878750067505,0.1493544314687234
318,0.24950293433291426,0.2834482513881454,0.14493401481594903
319,0.22960577833519824,0.287220946827295,0.14744212366967524
320,0.2386721377158364,0.2851030112625285,0.15192524418718933
321,0.25124261792279035,0.29450125034166114,0.15709819868856073
322,0.242862365050165,0.29832373450113975,0.1521447305817084
323,0.25285987858672687,0.31273570256538435,0.15807003998823488
324,0.25285987858672687,0.3199501705566669,0.16644070864788735
325,0.25886337779718305,0.30507459048413926,0.1535555904062812
326,0.26072555157834265,0.2774750108618917,0.14904095788088556
327,0.24898815265587293,0.28602941112306185,0.1457806313295858
328,0.22869917602980638,0.28407693700180375,0.14963662172798214
329,0.20711130561259006,0.28437489364751195,0.14637611223324037
330,0.1860381496070712,0.2908943557043862,0.14744212366967524
331,0.1834407656168352,0.27873228512967513,0.14480856135060916
332,0.1740801876218785,0.2763994872392043,0.14659569009948048
333,0.18799846352501415,0.2643535257055721,0.1429275368801401
334,0.1862585781391063,0.26536277748727616,0.14433844244057342
335,0.19039976903771516,0.2697807871000382,0.1549976420877121
336,0.19140451147989035,0.26537926060793043,0.14922916094682553
337,0.2200738082439262,0.2814293115068374,0.14828864871159103
338,0.22688583688833486,0.2701116615072883,0.14007457963827596
339,0.22717992097196538,0.2608455782719891,0.14035686136925568
340,0.22399436881446821,0.2516787815987483,0.13490171660862554
341,0.22544017011674544,0.24967661571669425,0.14001201298111776
342,0.2126001576766927,0.25204267072707337,0.1393222247331209
343,0.21902016389671908,0.2581980497365561,0.15186254032244967
344,0.21377629221518335,0.26938354389227176,0.15167452019995165
345,0.22196066840630546,0.28220716936241635,0.15527992381869182
346,0.22215661235315265,0.29883665043208557,0.15791334893017644
347,0.23688341769024057,0.3139768815506467,0.16223977838963205
348,0.23269325762125592,0.30023194659546476,0.15637703564026378
349,0.220784399337127,0.2945607834950827,0.15656519297034333
350,0.21468302905126302,0.299781521083705,0.15875987397209218
351,0.21676583316048947,0.31637881158833187,0.167788910343581
352,0.22166651705733087,0.32348453946306327,0.16866658150649438
353,0.2231368029447961,0.32618694709432156,0.16797697620193952
354,0.2207352956360633,0.32391833641486883,0.16756366123063943
355,0.21598172104638103,0.32405189817193464,0.16616464699393507
356,0.19870656815477672,0.3222836956436372,0.16622835704760563
357,0.1980694308171398,0.3228342803532546,0.1723328138196939
358,0.19628071079154397,0.32585321238084036,0.17344552156969495
359,0.20578812903228416,0.3318749326737241,0.17535298136753052
360,0.19733428787340723,0.32250059411953996,0.17236450877101744
361,0.1889541695314697,0.3310576122881082,0.1693759447027834
362,0.20534707017218212,0.3284888633734489,0.17102915885212316
363,0.2045139888876979,0.323951738974077,0.16536989494610044
364,0.19471241929798322,0.3234013481835261,0.15986960889116097
365,0.18439633709260284,0.3149441983342158,0.16079159810289473
366,0.19211510257309117,0.319064202821503,0.1603464967085501
367,0.19684432710827326,0.3232511578665063,0.16587852345067366
368,0.19882919287674805,0.31843013595374875,0.1603464967085501
369,0.19953964943926095,0.32009842168302166,0.16193618374766128
370,0.18941964571141556,0.293559870233239,0.15188925006497916
371,0.18388182447693713,0.29766305224150563,0.15163491294476233
372,0.1976283046916939,0.28363475305037117,0.150299563025868
373,0.1970157192045887,0.27524460223854347,0.15141240798345051
374,0.19833896305023857,0.2733597573917342,0.15411484850842316
375,0.19782445043457286,0.2750444292821281,0.1574532461735892
376,0.19566812530443878,0.28775504841625815,0.19090029257687313
377,0.20395030530562464,0.2761516101924249,0.19439766809312237
378,0.19848600509205383,0.279913494643616,0.20031126911936187
379,0.188684502767683,0.2627592685799433,0.19938923417176763
380,0.18238705400428412,0.2664376223932308,0.19474727301075184
381,0.19782445043457286,0.27745571591477297,0.19411154454986096
382,0.19441853701038436,0.278308523489562,0.1977040963918018
383,0.18733684160218922,0.2730752296413825,0.1953197487765771
384,0.17381072265412367,0.2834748183002586,0.20053386555239466
385,0.1651363856978677,0.27717172144185415,0.19576480443506122
386,0.16373968809665418,0.2841769992401281,0.19859439065221202
387,0.14901288275956615,0.30061227036467736,0.19938923417176763
388,0.14183338354130715,0.3094902730681031,0.199993359153056
389,0.1486945158867794,0.3009133297154499,0.18422363445412254
390,0.1541876056675492,0.309356614351504,0.18851576201820636
391,0.13397396622667623,0.32383567841276467,0.18921520053276786
392,0.12655412793458098,0.3125666051393788,0.1877845370806004
393,0.1172360952696555,0.31208195291237834,0.18883371772037283
394,0.13841125916923336,0.3270122666414313,0.1968775579209227
395,0.1432179733806146,0.32304991835522495,0.19757699643548415
396,0.19875641177462355,0.3074004072882153,0.181616598934144
397,0.2054121157597555,0.3090555550007315,0.1880070420419122
398,0.20035867226686532,0.29591409618056036,0.187848064190829
399,0.2075568039853909,0.2952119637204574,0.18981932551405617
400,0.19934801047442485,0.3031536766909572,0.19942106633067264
401,0.19688287015034112,0.3029696474968296,0.20368145320757242
402,0.18495194883340538,0.31293466352763405,0.20129687691304526
403,0.19929870497732938,0.32353452210245887,0.20543011809776685
404,0.19483692744958436,0.3330980771857999,0.20565257732321812
405,0.19880565000637507,0.31978965404935483,0.19427052240094417
406,0.19311143684727605,0.3207091213032602,0.20562079090017366
407,0.18248680850932164,0.3187696882392255,0.20845051432490597
408,0.1858393805157792,0.3275139352665189,0.21350574472136136
409,0.1650586942256368,0.32483877326410676,0.21309238401420078
410,0.16247039105683037,0.32276539060487325,0.2175753215882728
411,0.16121306724822493,0.31270045777504435,0.22568278037077233
412,0.17299620660456216,0.3067484998663413,0.22956163869941665
413,0.1728483573786198,0.3018496194483759,0.22253519271559458
414,0.17886322443219893,0.29220229132829806,0.21681221875590134
415,0.16700609319754656,0.2853808972848519,0.2144596118278606
416,0.17452467701452057,0.2881729440046091,0.22266233840777278
417,0.16720331518592835,0.2908647345669753,0.2216449441910448
418,0.1606461549296433,0.28171917203151836,0.2239022833216729
419,0.16471362301131276,0.2870361904366679,0.22301198906126268
420,0.15157468338286695,0.2747973763913814,0.21719379304001735
421,0.1886988302859386,0.2625921103446029,0.20721056941100574
422,0.18122968649674798,0.2459896325049466,0.1813621703422062
423,0.20070387801187728,0.25565358918497855,0.20024774200913326
424,0.2011228738391726,0.2702830859620921,0.1993574934845836
425,0.20962750033271127,0.26999894604987346,0.1929351267461894
426,0.21566691923682224,0.25948223027481915,0.1927125760490171
427,0.22710478558280356,0.2739113116966842,0.20762383864644535
428,0.21362084200537768,0.260753078877259,0.1999297405711064
429,0.2166529619133869,0.26085333503464997,0.19487451017465102
430,0.21519848338174363,0.26724035036909094,0.19986607625329628
431,0.21618459332365225,0.2566567325160873,0.19738623216135648
432,0.22340727689270978,0.24742749390342694,0.19363456526075085
433,0.24214188595140762,0.24219439397431403,0.19325299097663484
434,0.23713774795561282,0.23630914422449384,0.2134421718752722
435,0.2398000430027344,0.24772855325419946,0.19519242014095695
436,0.2428321629107436,0.25317898797711486,0.1838738923289116
437,0.24687494461119341,0.25622196596894903,0.1858769400751833
438,0.2587811795469094,0.2663254886930155,0.18463694942542264
439,0.26856768169958534,0.2753517425227959,0.1835877687856502
440,0.2674828934981419,0.27331743455546625,0.10454833528099489
441,0.2567597886966846,0.27971118857746885,0.11423866645939168
442,0.2784771449009523,0.2837798045121282,0.10441940589025739
443,0.27588890899748975,0.2984647621422664,0.10577167807753513
444,0.2773925584955407,0.2953021360863894,0.113111963536079
445,0.2935636180319956,0.3223639781371766,0.11427095597690168
446,0.2995043586765719,0.3421776102791066,0.12067754384342488
447,0.29223243687576295,0.34793884878588727,0.13677460009592635
448,0.28855941277085695,0.32443280369834687,0.1382554815229181
449,0.28892917036640076,0.3220564709774422,0.15184127314731916
450,0.2838264213764151,0.32475761813476806,0.14353522925854711
451,0.27771294332864505,0.3201929572279502,0.15396616122595153
452,0.2893975389561354,0.31911612465156375,0.15898837033112895
453,0.28293892242869734,0.3001743041529416,0.15129399784062703
454,0.27421265662693295,0.2902590283626996,0.14887946455747508
455,0.2961518539354582,0.3168081968813741,0.14047682653133603
456,0.2914436834529238,0.32303105972600593,0.1494588464382352
457,0.29543702512559034,0.31538924259187945,0.1485576213071665
458,0.2896933719387079,0.30791851055419056,0.1493945418183782
459,0.314615383658147,0.292943062162405,0.1543202025220491
460,0.3333006872197495,0.2928575923338363,0.1544167509235556
461,0.3283457874557062,0.29612275309613606,0.15457778688836116
462,0.332733707635824,0.2802580403450557,0.14166806275380822
463,0.34015368045860706,0.28360896181452394,0.14482301388252583
464,0.33951264173102247,0.27169350781265983,0.13999385584450097
465,0.34424570039080826,0.27430899122235036,0.14330998014560553
466,0.34939782214323334,0.28218995904526273,0.14723754716567777
467,0.3350263123527457,0.27394999855045493,0.14369621948749212
468,0.35245442663643045,0.26294058290713956,0.14134608229591816
469,0.3487074106532094,0.27318067313380284,0.14498400411147083
470,0.3357905139250529,0.2825832269121656,0.15174477048167312
471,0.33487832859611544,0.2972167475099095,0.1556080328818883
472,0.3368750330651207,0.29800323476394847,0.15576902311083335
473,0.34560150066291684,0.276411704140395,0.1571533104004581
474,0.3403508351816449,0.26013694952315786,0.15541484460715427
475,0.3405727435512462,0.2700693386710203,0.15960008746525955
476,0.3434321933214056,0.262889291314045,0.14739853739462283
477,0.3506795632716827,0.2801043594848384,0.1533222003101714
478,0.34264337263322264,0.29908030973916816,0.15506075757519622
479,0.34072066004253254,0.31214085582883383,0.16516970908471057
480,0.3472037611551585,0.31309852513884356,0.16694037292380343
481,0.3640155903578224,0.33405758872694163,0.16590998972269472
482,0.35866638114770355,0.3319547788493637,0.16636085383546179
483,0.3450098346977716,0.33496348164619055,0.16922611402379933
484,0.33270902125460433,0.32945874958464955,0.16755204432207355
485,0.3174009088153352,0.32479165093094237,0.1646867383978755
486,0.3306876976697234,0.3236120897290669,0.16983778542206945
487,0.33159981573331687,0.31838092899061926,0.1672300638641835
488,0.31673538550256275,0.3110298934967399,0.16610331520501026
489,0.314541324514488,0.3130472820255156,0.1697733893304914
490,0.32721196281854303,0.30964526288201927,0.16838910204086666
491,0.32812401361679266,0.3243470914709449,0.1756648999361115
492,0.31054805010716546,0.3242787834797632,0.17106117395447018
493,0.32193674548673923,0.3261252323514015,0.1640107166438879
494,0.31629170329404777,0.34301548608577365,0.15776493606286773
495,0.33347329009225546,0.32903140044180573,0.16378528458750435
496,0.3333006872197495,0.32875778063894584,0.1706104013134241
497,0.3313532882478397,0.3208255697027054,0.1934038278445498
498,0.3243031402859443,0.326484079583997,0.19475605429596704
499,0.32156692062585157,0.33332229610646386,0.1895404739726136
500,0.32849377121233647,0.3373912513994896,0.189186341204795
501,0.3497428260922135,0.33065552110367874,0.1897337079832081
502,0.32575755155224373,0.3139873531802387,0.19012003879681566
503,0.32652168585920704,0.3142268917071576,0.18628888297066848
504,0.3262505392578541,0.326484079583997,0.1912467874559889
505,0.32304601827337065,0.32273169716706546,0.20035769101776507
506,0.32043302872334445,0.3201442835422536,0.19932753649595886
507,0.31303774228178105,0.3152953857636837,0.19633339265274435
508,0.2958807073341053,0.32026446488372945,0.1962689965611663
509,0.29987418353745954,0.31027520896961,0.20380247029444426
510,0.2820761771275432,0.30453539851968,0.19800750809033069
511,0.2662504578667879,0.2843852198378041,0.1949491053631196
512,0.25335804572381937,0.2924212259543993,0.18944392557110706
513,0.27352251419828477,0.29422035857380663,0.20261132554369304
514,0.28441808734156027,0.30751661328882757,0.20048639172920008
515,0.28900302771402797,0.3012797882714064,0.19198725103741504
516,0.27709686004365586,0.3040896755452834,0.19581840686356228
517,0.27805821633900096,0.31279382980557374,0.19317839578816626
518,0.2865134700701003,0.30986390662952074,0.1934038278445498
519,0.29516587852423737,0.31580961064832863,0.19823289441085373
520,0.29706397199905166,0.32307444911713984,0.20544438768624146
521,0.30369512413365185,0.32041863054161296,0.2017098259974613
522,0.2990852955839327,0.32694672199694746,0.2036415258013597
523,0.29373608637381377,0.3312304426561444,0.20892131927284913
524,0.3116818747443286,0.3245823637784005,0.21072413542187046
525,0.30288154979890525,0.3110290693407071,0.20850274467759206
526,0.2826679103580323,0.29682493403600546,0.20776228109616596
527,0.2685922335501172,0.3108062078535088,0.20940419848796327
528,0.25656263397364676,0.29965198314726954,0.19932753649595886
529,0.2537277360540192,0.2934495302843891,0.1961723566879388
530,0.22532998948339977,0.2573475691905653,0.1664574479728288
531,0.2191672732038783,0.2577416612135009,0.17247765928988396
532,0.23233089921354366,0.2697012318029984,0.17630872364431016
533,0.23077780968770956,0.28580751923119624,0.18387425821579556
534,0.2167022001451384,0.3001489492349941,0.18120223203805252
535,0.19690755653156078,0.29720196118108727,0.17112557004604817
536,0.11957787095298478,0.2478208587298631,0.14891161686740356
537,0.1390027906036907,0.24142977109502511,0.13703209299051738
538,0.09436005988364515,0.17842721165422565,0.10174747118423538
539,0.11521463715408675,0.19091816896575492,0.10892662920625273
540,0.0710403422891197,0.1532571470568757,0.07080903672914318
541,0.06724415533949107,0.14009818704095117,0.05265157996130837
542,0.04777003108970568,0.1388642315409167,0.03935543354142684
543,0.022724721994856034,0.13677601407309442,0.046599147730533974
544,0.07214968234109498,0.19238584542071274,0.07212890505925967
545,0.00613473389644964,0.14828801945706344,0.03430098065459991
546,0.03539529303356714,0.15983449395510635,0.07509080512082472
547,0.10385066178840452,0.17611026664744284,0.08565036919587343
548,0.09593773489268309,0.19014215334130785,0.10934529527323078
549,0.09564193554278244,0.2017232423927247,0.11559089291080893
550,0.07831236498794458,0.1858446159486215,0.09885001295010887
551,0.11938068259727508,0.20227547541440744,0.1083793538995606
552,0.10296326373870268,0.1617675276899459,0.08346122223324454
553,0.10148419972385558,0.14293759849270588,0.07245088551714973
554,0.16491084499969444,0.18470538991258217,0.10676972602527329
555,0.1580331653796172,0.16062849557297315,0.10200500981468691
556,0.1717390845919885,0.18158140223070912,0.10499906218618049
557,0.15655420226278605,0.1791996882557086,0.1057394800317461
558,0.13717862174184758,0.17088060878176065,0.10680192407106232
559,0.14615148229443298,0.16428765139867513,0.09701486154771699
560,0.17373578906099363,0.1954063288008307,0.10016994988401606
561,0.18349753756710607,0.1997037207542171,0.115977177988556
562,0.18031763569849835,0.17174354862777536,0.1030352558082141
563,0.2425609490440468,0.1827377416243689,0.10860469448422316
564,0.2461600485359816,0.22027707931900659,0.13271801221339558
565,0.2688880665326898,0.19966944555920968,0.11900338266997806
566,0.27517401292227794,0.2059000166867357,0.12325297588380085
567,0.2743852594994389,0.21364941042301405,0.12074193993500287
568,0.2737935935342938,0.22973533634922721,0.13094743984602375
569,0.2930458766798216,0.26729178740148546,0.1560264702695639
570,0.2778609270852753,0.23829579658122618,0.12911242565121345
571,0.2904082007485759,0.23908984667885963,0.12911242565121345
572,0.29045764077635916,0.2290275317564287,0.124090125074315
573,0.3132348297394749,0.224902485373412,0.12347840794018439
574,0.34027697783401756,0.22550659174538884,0.12943436037324296
575,0.3476721970102371,0.23997009380156126,0.13503604283090154
576,0.299578350554887,0.2448716890864579,0.1380944912939731
577,0.31505166667883056,0.24492361091651865,0.14227968841621785
578,0.284941344451936,0.228596110313188,0.11910002254320556
579,0.2966122852146099,0.2253341007357192,0.11533330854449692
580,0.287330340406699,0.24352540596714173,0.12280224897861525
581,0.2714787912538775,0.24457838649834623,0.12582859086761883
582,0.2838217128023405,0.24628695891368863,0.12644017079416797
583,0.28757915491386965,0.2592661074751825,0.12814648427754327
584,0.2827515211805284,0.2693283254380801,0.14112069597539517
585,0.2790188327155628,0.2426280939665864,0.13352291762226026
586,0.2897192018307744,0.26413318516623857,0.1495555320473232
587,0.3030074705227288,0.2637881546671325,0.15081111862551294
588,0.299100699347691,0.2527592016778653,0.14630792006524124
589,0.3269464665060796,0.27792344870321956,0.15188796946088529
590,0.33458592614608296,0.27857937994572396,0.1574681103282503
591,0.3375472829122854,0.2803102530537162,0.15319322518357342
592,0.35653406974534996,0.296027878192841,0.1572396597050741
593,0.35747968595021695,0.28103735259363355,0.154498526642122
594,0.35140791241567915,0.2891732270294866,0.16578929278684645
595,0.335307616021031,0.2892770222098416,0.16366824652049572
596,0.35272678401397395,0.30198279336730854,0.16252608487633546
597,0.33558131870545294,0.2877536909827924,0.15475963266969223
598,0.36101333626251486,0.2780081913352888,0.1469931347271885
599,0.37382879685203574,0.2746845154946667,0.1440562979171751
600,0.375396550222845,0.2801891990764411,0.1529649117679786
601,0.37422700768805883,0.2808816355832178,0.15456388318677045
602,0.39440829249850495,0.2775233936689884,0.16125353029390177
603,0.4459192184251347,0.2797735820371217,0.1558038738365311
604,0.43932486043366037,0.27400948322410995,0.1545965385911644
605,0.42675814708596616,0.2765540892149874,0.1656588083768521
606,0.4302169983358217,0.27894283275614934,0.1614165786365691
607,0.4252650582469111,0.26990697993257623,0.15250796478576562
608,0.43708519354240594,0.30547925109620017,0.18363922162870788
609,0.4278779805315933,0.29952472375986566,0.17290314000007584
610,0.41839693030567093,0.29277362537803303,0.17564427306302793
611,0.4350695875117584,0.2962010963990102,0.17300106047739727
612,0.44995729155150976,0.3187389520671821,0.18912135054703055
613,0.46372442222685084,0.3334526097191654,0.1931025199956038
614,0.49565622270183163,0.35545384285050935,0.19395087447193943
615,0.48148933408755723,0.35777330880515695,0.21362822535576892
616,0.4687715427774123,0.34011683235919704,0.2009342372751745
617,0.4818890247611467,0.335079784606336,0.20550270090837358
618,0.5087737719509099,0.3413113738089612,0.20560062138569496
619,0.5372325281884673,0.34049793180467575,0.21552086673480392
620,0.5282376718684191,0.3238627786023109,0.206514332406679
621,0.49175833055219165,0.34530993648084013,0.23764554351376083
622,0.49145866344501543,0.34733983278940644,0.2898897541656335
623,0.5255891662168016,0.335542620938353,0.28476651454462104
624,0.5296868364378924,0.33802352451587864,0.3050963332142828
625,0.5554970870238324,0.3439740280315828,0.3066953503689351
626,0.57171294527934,0.33214200770808894,0.2943930441976263
627,0.5985976252037594,0.32528910181633325,0.2878992380451377
628,0.6427475027488824,0.32050075526628424,0.29762364243960376
629,0.6477696678568484,0.3376416493941338,0.31433127242972353
630,0.6585134903842341,0.3733633836782781,0.32372935145955245
631,0.6180115469707338,0.36166996700757953,0.31805142732244746
632,0.6241081414171793,0.3628671748445084,0.3228157319102894
633,0.6032448532846996,0.3635264027111436,0.32578522412469674
634,0.5742115164793534,0.35407119990622066,0.3198461482241611
635,0.6449711604882832,0.3525270708592873,0.31524498345070745
636,0.6329030178697449,0.3559276840895514,0.31188390079873557
637,0.6367258418955669,0.37279088611414407,0.32895055729374684
638,0.6428973699351425,0.36836676805078655,0.31593024384851526
639,0.6296049980572088,0.3640119760537101,0.31622395954461896
640,0.636575974709307,0.36300597241637017,0.31433127242972353
641,0.6334777329682214,0.35518153200134844,0.3185735021700064
642,0.6307043828382833,0.3541751890056421,0.316126084803158
643,0.6265817571745972,0.34990736970989994,0.31769240081755584
644,0.6153630413191166,0.3538109605189506,0.3202377386617257
645,0.628955349365602,0.359484159769531,0.3267968098871417
646,0.6354516344856368,0.3549212926140784,0.3214124642385589
647,0.6182114595728726,0.35362019263726147,0.3187040780517218
648,0.6106157224064191,0.3521454381363756,0.31455972305289975
649,0.6175618108812658,0.3519717836123069,0.3136460120319157
650,0.6107407014154277,0.3500808303149023,0.3075764059855252
651,0.6383249409166444,0.3538457205116243,0.3158649787755879
652,0.624982523622832,0.35207611207009476,0.31341751567287895
653,0.627756008283458,0.3486583854822101,0.3057164200108841
654,0.6100411418386303,0.3551469174479745,0.3013762240574193
655,0.6133142062085711,0.3513647684543321,0.29194558109491736
656,0.6337775346060855,0.3578880119330036,0.29837416791033905
657,0.625732195880852,0.3698066171196987,0.30591221522966644
658,0.6083169965432006,0.3660939396316371,0.29520883474128884
659,0.6110154803453524,0.3793660029431097,0.2990593825722863
660,0.6232336919461824,0.38670457913696504,0.3083596783323754
661,0.6503431726499919,0.37957407810148575,0.3008215395413269
662,0.7266246287415464,0.380788787134168,0.30884914351140086
663,0.7294982042339296,0.3956914673962419,0.31253659726387034
664,0.7209030385874707,0.43639226763235767,0.33387809316769806
665,0.7290483336137737,0.43639226763235767,0.3365212142816078
666,0.7318966173368419,0.4404170578579835,0.34911728188488084
667,0.7190041379285294,0.4258265872930071,0.3551542782627379
668,0.722477047635265,0.4219923225502374,0.34937834217659053
669,0.6975662019629171,0.4273358593877335,0.35443636246053617
670,0.6752289283490566,0.44733928981602017,0.3528700007102779
671,0.6850483905202548,0.428082059955703,0.3608649035400973
672,0.6602624565915715,0.3811704198570797,0.3319200952440147
673,0.6705066321442984,0.41241582336920607,0.3554479024871206
674,0.6777774776996047,0.4138036051687575,0.3547627335610339
675,0.6921693688893008,0.4353510192046777,0.35384893106832876
676,0.6868223794355314,0.43670438036992193,0.3533594658893033
677,0.6822749731249728,0.4475128473805558,0.3594943827444818
678,0.6757537325623423,0.5107844695261519,0.3797588906053558
679,0.6748291704101231,0.5137340754874566,0.38436000964294875
680,0.6983906060180353,0.521245918367248,0.3914086375191112
681,0.6892709052196663,0.5523872843001862,0.40912799047925735
682,0.6863726433460634,0.5479636995142618,0.4176776235610297
683,0.6881715877039355,0.5538795884765921,0.4341894125965066
684,0.709984258900542,0.5526825260789632,0.4509626278105772
685,0.7133823695448352,0.5509574220631999,0.43738744690581116
686,0.6729051797778988,0.5269136878839658,0.4186238985146867
687,0.6575640400547634,0.5348239374859227,0.43118749365700776
688,0.6577638181262143,0.5167912095711469,0.43014311528258736
689,0.6476197334052446,0.5263563644867868,0.43771377227044833
690,0.6319785902482135,0.504194323969531,0.4447949183434234
691,0.6231586238223646,0.5027133640585166,0.4321990336835922
692,0.6262068874129155,0.5081670469257962,0.4357941009978605
693,0.5842557794299418,0.5086545594590277,0.4291646422831414
694,0.5869542632320938,0.48842666771124404,0.41491595509671503
695,0.5754358130040927,0.4856560490483373,0.4054829338694674
696,0.5831563273835231,0.48929765519851925,0.4043615363059721
697,0.5969486152974913,0.5005179093469088,0.39496130769069976
698,0.5084739703130459,0.47952364944823717,0.4026793713569386
699,0.4949565958596903,0.48962886896413566,0.39624776597472416
700,0.5263387039441337,0.496440954892389,0.4169608968912009
701,0.5472268802538648,0.5077833780526859,0.42359040134178033
702,0.5842807348725371,0.5153625108485598,0.4293624498797855
703,0.595049647373206,0.5220352659275183,0.4450623359197419
704,0.611964997940167,0.49520413908612343,0.4150478573183847
705,0.5683147673697028,0.5085151316501999,0.4357941009978605
706,0.5597196689885878,0.5026785555860762,0.4326607371952968
707,0.5679150094307692,0.49773051668474794,0.4369155900330766
708,0.5708634512509386,0.5024346054003939,0.4430172569176745
709,0.5663409331176313,0.5009364836519925,0.4365856515354603
710,0.5633176922350199,0.487206819823299,0.427911296762116
711,0.5562966029016991,0.49077842119046716,0.41880798535318203
712,0.5194926390357002,0.4989152652216528,0.4231616733854931
713,0.545078156107594,0.5212165396286701,0.44723908846417654
714,0.5517492638564843,0.5204501714777825,0.4473710821575672
715,0.5436288570074328,0.5132192203658457,0.4312754894526016
716,0.5460274719063769,0.5199446244713644,0.4296592298785424
717,0.5346340006873845,0.5056751869210121,0.42095185381392025
718,0.5471769693686741,0.522105270710532,0.44591979183231617
719,0.5488009565670029,0.5300325851903427,0.4479317580713846
720,0.5517492638564843,0.5160591650950335,0.4383997187061635
721,0.5431041873248348,0.5223663827336014,0.4438089903987165
722,0.5488259792749421,0.5259031756283292,0.44964699004755654
723,0.5665908911356485,0.5466713258954383,0.4561445008047453
724,0.5831814173568063,0.5513758024492172,0.4705579285606773
725,0.573212087999348,0.5421413765015275,0.4656435188786883
726,0.5726124174582762,0.5418976202349115,0.46264214876951554
727,0.5653664600802212,0.5468108506637994,0.4635326259733677
728,0.556896407973459,0.5342138681026503,0.4569690268977626
729,0.5579956582238458,0.5525602601075223,0.4642911094838292
730,0.5625181090918092,0.560923407689337,0.46000350976993437
731,0.5654915063545739,0.5688682718446676,0.48018898606387167
732,0.5395810976715327,0.5546336427667558,0.4719435421902564
733,0.5380821567475566,0.5728759971924398,0.5004403677327833
734,0.5416550900207053,0.5855074003878962,0.5219122565748844
735,0.5667908037377872,0.5857163481820717,0.5106981894682112
736,0.5713631654909413,0.5927027673511265,0.5135016147731586
737,0.564741834096554,0.5930861453456369,0.520098189404181
738,0.5674653406066453,0.5856988954660849,0.5177892602229137
739,0.5623683091708931,0.5694781473088735,0.5237262322738667
740,0.5634676266866239,0.5923024214382957,0.5267936449655954
741,0.5651416593008313,0.6310509414722199,0.5451321700051328
742,0.552773715044429,0.6497108036481216,0.5487931426943755
743,0.5268634408920757,0.6352497740600476,0.5410751247639971
744,0.525314320021533,0.6287335116677708,0.5279149967932302
745,0.5365829467622045,0.6594328390885764,0.5608648486570647
746,0.5183682988120302,0.6787894524704852,0.6031486578743133
747,0.5482513314418095,0.6782323229923728,0.6002133303476962
748,0.5391314288474087,0.6726916674237589,0.6103721796810115
749,0.5500252530917422,0.7068183204262417,0.5993888042546789
750,0.5384568247132067,0.7007609675048849,0.5825345908316704
751,0.561693705036691,0.696711161719678,0.5608319188375077
752,0.5779094960268548,0.7103092514617375,0.5638662187662375
753,0.5970485043332167,0.7271023517437831,0.5789063650185429
754,0.6193858452124211,0.7149005762402021,0.5790712885314906
755,0.5944998877173245,0.7251120634045536,0.579829954985394
756,0.5402308808938273,0.7209928345935324,0.5694402310282962
757,0.5172438913230162,0.7104316143927119,0.5535426288634167
758,0.5080242342235779,0.6879135384693249,0.5371831859792511
759,0.4907340138949349,0.6581682928557984,0.5126769057366993
760,0.5173938257746201,0.6679434621204796,0.5270905621719337
761,0.5326352109927178,0.6903223041541051,0.5339179199550179
762,0.535058915864945,0.6891353255479351,0.5427573811847517
763,0.5318856060000418,0.6850853258436618,0.5392610575932939
764,0.5316107598047731,0.6744370359819736,0.5344785501329747
765,0.5454528240732441,0.6940404113760292,0.5552247938124502
766,0.5478015953523414,0.6810529727744417,0.5565442733877526
767,0.5568713180001758,0.6937610709607069,0.5505741885738007
768,0.5975482858385633,0.6912127805075656,0.5480344762404719
769,0.5905022410626471,0.6859057974141085,0.5593476986926997
770,0.5860048129026231,0.6681179892803477,0.5592486348188661
771,0.5994471192321608,0.6572779134618711,0.5465502560956641
772,0.6113153492485605,0.6448145411375543,0.5405475158773183
773,0.6035449239839396,0.6393153842491759,0.5479025740188022
774,0.6098411619711478,0.6443777384402176,0.5471440905083407
775,0.5737617131245413,0.6047874157385296,0.52992710023988
776,0.581432383884125,0.6123808985453256,0.5306854922786204
777,0.6001967914901806,0.6011741217720594,0.5359298404582258
778,0.6418479633046025,0.6176526853282094,0.5360947639711733
779,0.6125896911891785,0.5823915088270504,0.5220771800878321
780,0.6205350736133427,0.5928295904206307,0.5311144946500705
781,0.6226837977596135,0.6215103173184948,0.555851466572963
782,0.6707064774810932,0.6399266171468474,0.5816109093930983
783,0.6575889954973587,0.6366448278245935,0.5729036248001971
784,0.6590131373588929,0.6221038066215798,0.5638991485857945
785,0.6652097553717514,0.6217196529508033,0.5764658080307687
786,0.6651846653984682,0.6370812426837971,0.5829302974966797
787,0.6606371918225656,0.6440637834715215,0.5978386329990362
788,0.6384750098989364,0.6395251077196173,0.6022582721421821
789,0.6241330295944306,0.6423878379391212,0.6014338375208859
790,0.6199854484881492,0.6577141344020083,0.6082942165952478
791,0.5973732614136761,0.6587266828078433,0.6102730243354568
792,0.5742614946298882,0.6320362442492087,0.577356285234621
793,0.6106907905302369,0.6368192580249283,0.582204835277496
794,0.6008962838016342,0.6645570534618381,0.5995867490589046
795,0.6134391179522357,0.6690782764977556,0.6000814281260265
796,0.5933505247857153,0.6615719603113601,0.5883395691892326
797,0.5654415282040394,0.6419341642829972,0.5751793497467446
798,0.5670405599597725,0.6426151110850828,0.5767626337653862
799,0.5843556684656671,0.6746468564119483,0.609151763979543
800,0.5712631419245281,0.6813847682972576,0.5977724989447593
801,0.5806328680062584,0.6768984506933138,0.6090857213969871
802,0.5660161760371719,0.7026986068175542,0.6253792131703177
803,0.5618684604002026,0.7117060504978823,0.6261378796242214
804,0.5711382301808635,0.7140451022782484,0.6387703072365885
805,0.5723874821481981,0.7300872509751946,0.6451359157721075
806,0.5607441201765325,0.731798198899102,0.6459275120455679
807,0.525314320021533,0.7053692602016699,0.6358347052948086
808,0.5356334291673899,0.6556196145645241,0.616968662840313
809,0.5418798235347515,0.6957338096244166,0.5929572446083251
810,0.5357833636189939,0.6874245715430944,0.5883395691892326
811,0.5205920238167748,0.6757813799106245,0.5941447304902367
812,0.5203172448868502,0.6697589324212414,0.5867563766423118
813,0.5229407278305283,0.6607690384164335,0.5865915446010852
814,0.5219163439079275,0.6575222514856867,0.5751793497467446
815,0.5386566700500014,0.6544848971467814,0.5816109093930983
816,0.5640422745197565,0.6653775250322851,0.5848763583607737
817,0.5683648127855814,0.6626194141491688,0.5898238808057614
818,0.5817322527873329,0.6595297986218365,0.590054663957823
819,0.5669656263666426,0.631739548077433,0.5887353673259628
820,0.5492507599218148,0.6322108683686101,0.5872183088333189
821,0.5280377592662804,0.6366621835810471,0.5722768605679633
822,0.5297868600043056,0.6527043322779933,0.5802586829416811
823,0.5352336039631126,0.6582031013282388,0.5935180577297239
824,0.5356085409901384,0.6656915769605143,0.5875480643874931
825,0.5328350563295124,0.6700905340249907,0.5789723161293778
826,0.5363081678322797,0.6620957357100312,0.5731015696044226
827,0.5263137485015383,0.6498766044499964,0.5706937594927637
828,0.5383819583854206,0.6372731256001187,0.56370129525329
829,0.5499003413480775,0.6436447243687715,0.5722768605679633
830,0.5636924947313579,0.6502953726741467,0.5792692333357161
831,0.5682398337765727,0.6479213185022736,0.5772904255955071
832,0.5624181527907399,0.6402408629941432,0.5788073926164301
833,0.5709883629946034,0.6473977370226693,0.5888341567846336
834,0.5625431317997486,0.6477467913424055,0.5845797155695982
835,0.5512995277670163,0.6644112263238151,0.5935180577297239
836,0.5547475492965004,0.6800230686121531,0.6170345224794269
837,0.5577709247097997,0.687565744623521,0.62033299273838
838,0.6170871193492024,0.6747958832145691,0.6221800812003613
839,0.6498184357020499,0.6802512143939141,0.624646982043781
840,0.6541160185252793,0.6780935739002776,0.6202795732533211
841,0.6702818313649085,0.6698315551116532,0.6145785982425263
842,0.6744793906217245,0.6739713393437254,0.6219131667185083
843,0.6649098864685435,0.6748486292006626,0.6192461257495592
844,0.683349335198108,0.688688632978206,0.6219131667185083
845,0.6769530063791426,0.6946353550721132,0.6374489982268663
846,0.65716428211583,0.6946704544231532,0.6390160002791716
847,0.6611619960358514,0.7004766821533663,0.6450169110630974
848,0.6800839390773744,0.7204738102119912,0.6600859623792361
849,0.6960054441878757,0.7213684558253819,0.6700209804112851
850,0.6985626707677898,0.7165971741531869,0.6780889691461769
851,0.6793066207630022,0.7206667596831788,0.6825563565276804
852,0.681337630557408,0.7358929939077414,0.6923578258470817
853,0.6863521946815109,0.7287182793250957,0.6976921822001427
854,0.6921690998279252,0.7202283086737766,0.6956917871337798
855,0.6864022400973894,0.7300863783393954,0.7033929742674956
856,0.6761726611242939,0.7161235268332113,0.697592112137378
857,0.6501720496150521,0.755486576388938,0.7349647131828723
858,0.6255754676295119,0.7580126631089628,0.7449662311560821
859,0.6163235904303345,0.7425583800621722,0.7433661163407779
860,0.6172262913457788,0.7439969686571521,0.7375320499759406
861,0.6286846736216566,0.7457160611818532,0.7493672100681459
862,0.6223160581243873,0.7442251144389129,0.7357649077981059
863,0.6379113263168629,0.7385943834639006,0.740699075371829
864,0.6485171876238628,0.7370331410593467,0.7481335309671335
865,0.6357802256906998,0.7164392270735063,0.7369651997209563
866,0.628383661207602,0.7208772588298864,0.7385653145362605
867,0.6196332471473692,0.7151063243697799,0.7359981606866342
868,0.6089020705046412,0.697441848762326,0.7374318884414548
869,0.6153709113643554,0.6921618204191153,0.7273968918183622
870,0.6231936690665484,0.6902149699507862,0.7254632711083229
871,0.6163235904303345,0.6996871406740297,0.7467665775686367
872,0.6144933676875383,0.6980697586997182,0.7493672100681459
873,0.62956215003313,0.6952044105728163,0.7324643336895698
874,0.6228175212633319,0.6916180713565927,0.7232962145663135
875,0.6202350029141029,0.6990717385164278,0.7288638238079026
876,0.6337242604536987,0.7027813132994252,0.7556347609187619
877,0.6262023806348725,0.7015505089842218,0.7558014223944085
878,0.6117353540560145,0.6961712910384859,0.7647694928638564
879,0.6007784349190813,0.6910378655095644,0.7638695026010212
880,0.5919277282310597,0.6962592333351529,0.7659031019021041
881,0.5999008912422642,0.6955560827999507,0.7735044019164972
882,0.5908998465105749,0.6855882549426817,0.7691702888324781
883,0.609554073483285,0.7038533948586818,0.7832058011731338
884,0.6172012013724956,0.726883126239082,0.7989751599851833
885,0.6252245443302663,0.7230331540519241,0.7950080314457821
886,0.6405189346393753,0.7265489067279347,0.7978750295968187
887,0.6178531370857955,0.7356376994566678,0.7956411072267644
888,0.6118856920996819,0.7401733694630408,0.804376107751126
889,0.6173515394161632,0.7441111869873325,0.8136775011718669
890,0.6320192185159429,0.7477327225141295,0.8138774583539543
891,0.628609336436463,0.7503871836561906,0.8219122428541261
892,0.6462355471580005,0.7896429959681317,0.8369812026985437
893,0.6602011105979139,0.7930005106858615,0.8317803035864093
894,0.6555626942770275,0.8211632797570503,0.8566177114589506
895,0.6597749846441628,0.8238003851426579,0.8511502637518469
896,0.6475393513192568,0.8234310662804702,0.850816757857112
897,0.6546099479457047,0.85082058307391,0.8546840907489113
898,0.6653160346151498,0.8423118022731386,0.8427486776504993
899,0.6747935870431879,0.858415132435572,0.8525505128567847
900,0.6887590832177574,0.8629329618878252,0.8473162265664886
901,0.687229738358328,0.8799150363001946,0.8347143505089325
902,0.7087171143517238,0.8732872704446688,0.8275464435085971
903,0.702649645799197,0.9032257564079826,0.8331472569849063
904,0.7071375895457278,0.8780866703815096,0.8140109155948809
905,0.7208274323409015,0.9209109813555543,0.8215789199028332
906,0.768014474694828,0.9227746405443462,0.8292800155648279
907,0.7866187235170036,0.92627264962577,0.8491166644507642
908,0.794291008644841,0.9135803558434261,0.8332808056975538
909,0.7895018506882238,0.89890126426505,0.8243459394628259
910,0.7866187235170036,0.9049659861109345,0.823245626131019
911,0.7595150948981154,0.9239346644002697,0.8234457662565484
912,0.757960458269371,0.9381920789684979,0.819611820542911
913,0.7628997524736242,0.9623290882187281,0.8364811267998833
914,0.787922325882228,0.9443096437600091,0.8303468502467517
915,0.7690425582113446,0.9177816124195852,0.8230456689489318
916,0.7709480508739904,0.9162525605800738,0.8207451551659957
917,0.7761381102803878,0.9301229126915276,0.8411484713634743
918,0.7890759265305044,0.9298417300450734,0.8401152068031543
919,0.8188623661264104,0.932337856269321,0.8572178574203757
920,0.8152518315260088,0.9330585564800431,0.8714200312366778
921,0.8361876316992373,0.9209817618148342,0.8429489092477498
922,0.8480220272476436,0.900659431481655,0.8202452622107772
923,0.837892673636993,0.9051419676638015,0.8236792020885189
924,0.8335800233767251,0.8993933338963449,0.8123106392450912
925,0.8358116184267087,0.8834484356112584,0.8056096039086962
926,0.8520839123057676,0.8986023380240091,0.8146775614974671
927,0.8786862795817428,0.919698114554004,0.8240459122179737
928,0.8539393595525347,0.9118222855863545,0.8112104173850054
929,0.8602325705992667,0.9406532028012384,0.8228455288234022
930,0.909801747842876,0.9556838696472154,0.8447492556603042
931,0.9004744661931613,0.8677672672566394,0.8228123245886825
932,0.9080715486664931,0.856252837884339,0.8189449916968832
933,0.9216861888071611,0.8570788361481816,0.8349808076321807
934,0.9244190452000577,0.844132799267296,0.8393483078943615
935,0.9280297143311472,0.8567089355287945,0.8902898240317341
936,0.9401900777362037,0.8521296337324542,0.9102931343933167
937,0.9244190452000577,0.8432173073542544,0.8970908379591724
938,0.8853556384316911,0.8163212176255754,0.8646192002526814
939,0.8878128414451919,0.8044673329273313,0.8420487360414723
940,0.8749753850882082,0.8023890053319016,0.833880860187258
941,0.9046866220296087,0.7987430360027228,0.8413810839499556
942,0.8878128414451919,0.8012616568386866,0.8583663763491449
943,0.8733707030435852,0.7772719291194783,0.8415158217949761
944,0.8421049640041284,0.7688528358869726,0.8171983391845505
945,0.8428821477878127,0.7965589255565064,0.8389259829585438
946,0.8243282134428916,0.7993065648100304,0.8374797235779474
947,0.8157031819837309,0.8021425341983544,0.8405739374839265
948,0.8233503098729414,0.8079192862304565,0.8447446820742548
949,0.8249049465016859,0.80584134647316,0.8641179352216479
950,0.8348086921488193,0.8068804617911081,0.8674812589307841
951,0.8489498854017151,0.799341761120604,0.8659005361203302
952,0.8512817058141439,0.8007156777068991,0.8612926481753838
953,0.8706128239427494,0.814049164882692,0.8928413362170706
954,0.8629405388149117,0.8236483525945062,0.8975166388203879
955,0.8329031994861734,0.824740601736681,0.9009810387812196
956,0.8058746389911032,0.812587402959263,0.8977184254368951
957,0.8105381452852728,0.7963123574634261,0.8923033910259197
958,0.7556033460876274,0.7902179660003639,0.8788496388307698
959,0.7666857150909766,0.7922786469607404,0.8637142705169125
960,0.7494106294647161,0.7848988629652494,0.8362014977488121
961,0.82039171098584,0.7858146457568906,0.8539604579641475
962,0.7800996354453787,0.7861493500657044,0.8332754088660153
963,0.7945919537935519,0.8055769378259596,0.8364368544869234
964,0.7764891008449771,0.8151411231462669,0.8474016611538946
965,0.8073789611425933,0.8322791084881187,0.8489152437211409
966,0.8153270341805147,0.8552117833757256,0.8713493235963514
967,0.7779182203419616,0.8543487465701776,0.8628062307426301
968,0.7550267475595208,0.8176952311714039,0.835730692800869
969,0.7646798625351979,0.8346392974467354,0.846729069589444
970,0.7828576490769025,0.8495757196263838,0.8747798790204164
971,0.8020885418430631,0.8407160422747442,0.8815739410970596
972,0.8033422333230967,0.8530631601186822,0.8787488369942373
973,0.7786204705325158,0.8434990717579083,0.8689277012548227
974,0.76382734156632,0.848483470484209,0.8739727325543876
975,0.7603423240976782,0.829654704801368,0.8618980080249055
976,0.7757368052385444,0.8336178287638405,0.8870564816381268
977,0.7439194903789202,0.8345866484201752,0.9201860754337097
978,0.7122776035362467,0.8249167772086143,0.9054208017029839
979,0.7292769012524235,0.8430233882877343,0.9139638030849844
980,0.756781969443843,0.8509317956585591,0.9227758227984209
981,0.7563556416940601,0.8621870521984556,0.9449070398054285
982,0.7601417388421005,0.8650752827752066,0.9488759977792494
983,0.7588630246541276,0.8739527037214327,0.9506586901496525
984,0.7729789261377084,0.8776337724016516,0.9653568236371708
985,0.7750349586400535,0.8734595675352721,0.9637088691117879
986,0.7532717947365742,0.8872157013165456,0.9686193455097742
987,0.7578099184296717,0.8888361859959211,0.9651886071422673
988,0.7757117825306049,0.9168064903935886,0.972386242451925
989,0.8029160401040017,0.9404085738988233,0.9728572303433101
990,0.8086826980385057,0.9320241921792245,0.9361960048719666
991,0.782055308054591,0.9131779737803969,0.9181343647318705
992,0.7918338056313402,0.9293999824115406,0.9157801570487123
993,0.7928367319092297,0.938682403328194,0.9402993348039241
994,0.8016373259160287,0.9513815812373994,0.9435618566765276
995,0.8345078815307964,0.931654485478904,0.9582599901640456
996,0.841628590838467,0.9450407186407901,0.9712764160611351
997,0.8434837690238585,0.9697877003147597,0.9931721848583108
998,0.8501282396965554,0.987753623111119,0.9999999999999998
999,0.8348588720953857,0.9776963016046512,0.9873871473359248
1000,0.8347585122022528,0.9533645006521012,0.9512641414708953
1001,0.8126193350262451,0.9222750080694571,0.9221031397622492
1002,0.812819920281823,0.9247275994632707,0.8965410929160136
1003,0.7626990326873585,0.9027953530398412,0.8636471302737048
1004,0.7603673468056177,0.9022836975828279,0.8537923329409653
1005,0.7427410015533923,0.8597076999734621,0.8244968678024618
1006,0.7416128272051187,0.874105608905384,0.8296092222886764
1007,0.7670618628941931,0.8904090635444661,0.8632434655689694
1008,0.7631003377292022,0.9131349237476294,0.8873592530346086
1009,0.7655322489733879,0.9327382021821518,0.897483068698784
1010,0.7500874533552676,0.9215869832214436,0.8648242798511443
1011,0.7393310522085684,0.91816363298063,0.8665395575631767
1012,0.7322106119622737,0.9054950942839348,0.8489824754360695
1013,0.7517421808157693,0.8929497911540132,0.8505297195966406
1014,0.7655072262654486,0.8989842616255206,0.8639833803200696
1015,0.7642788265547299,0.9024427112173743,0.8857110240940629
1016,0.7619468716116135,0.8758347852215442,0.8532540218629303
1017,0.7429667440475972,0.8895268287513327,0.8269184901439905
1018,0.7827825809530847,0.9191872347732566,0.8646224932346371
1019,0.7802751979930175,0.9175288389163763,0.8612926481753838
1020,0.7955946110100655,0.9073303443294816,0.8555749338396474
1021,0.7860169677502699,0.9107531128130955,0.8435672580816522
1022,0.7737312217441413,0.8844629232077585,0.8595435259265845
1023,0.7682652398969724,0.8375285945783524,0.861998901333159
1024,0.7607683827860855,0.8295532851295782,0.8677167071406162
1025,0.7014459997350418,0.7723323256975438,0.8241941878777008
1026,0.7155873275186256,0.8143613745797893,0.8352597049094839
1027,0.7534972681694035,0.826165519037471,0.8493860486690841
1028,0.773054128792214,0.8233247986320171,0.8407758155721547
1029,0.7628997524736242,0.8227071664051506,0.8529174974014027
1030,0.7364479250373482,0.8156317383845628,0.8545658178136692
1031,0.6933224986801699,0.801710288599081,0.8656985665603809
1032,0.6912914888857639,0.8423103478801397,0.8914961530881698
1033,0.7507642772458191,0.8538322431365011,0.9151408611907028
1034,0.7698949446495346,0.8497210619667406,0.9235832436796128
1035,0.7733549394102369,0.842027904759753,0.9209596517781347
1036,0.7832336623494313,0.857502161470395,0.9671729946574568
1037,0.7554530753093037,0.8401754928768193,0.9325971414812775
1038,0.7754612863898364,0.8620542176378891,0.9662985250047782
1039,0.8147503011217202,0.8680005518936631,0.9428891736403562
1040,0.8075795463981713,0.8517500371597411,0.9418465789644952
1041,0.8395476701588703,0.8779520905493445,0.9649532504041562
1042,0.8435841289169913,0.8819925882193584,0.9548629133898636
1043,0.863366597503319,0.89520856044084,0.9644822625127711
1044,0.8719917634931674,0.8802457652681448,0.957654721786245
1045,0.8850798505216074,0.8803339984434115,0.9558720294158418
1046,0.8853805266089424,0.8795049944340378,0.9640113660931069
1047,0.9106542688117539,0.8887505707280525,0.9760859076791468
1048,0.8914984441694115,0.891714623659813,0.9780369994878955
1049,0.9020791482377842,0.8983491766826672,0.9758169808194319
1050,0.9060157852255238,0.9024427112173743,0.9619597468629886
1051,0.8871357484932648,0.9181285336295899,0.9472616133754705
1052,0.8836258428473717,0.8971491085395071,0.9255675397230811
1053,0.8604583130934716,0.8720234998881571,0.9135600469085279
1054,0.881920666378928,0.8725529958992904,0.9159816692500566
1055,0.8791878099860314,0.8763465376380908,0.8836594048639446
1056,0.8545411153192685,0.8744760912819707,0.8674475973374594
1057,0.8498272945478446,0.8641893635198092,0.8715510187411377
1058,0.84591594932942,0.8169374924189763,0.7860192883673902
1059,0.8945322457110189,0.7971226482828804,0.7460619709018392
1060,0.9334704044090011,0.8270830471007111,0.7633498517540684
1061,0.9653883482231339,0.8524382559268211,0.7842704405337539
1062,0.9537043579837389,0.8467569120754468,0.7618362691868221
1063,0.9217113460457883,0.8240482137096707,0.7454565195805964
1064,0.9621536923645729,0.8233777385371772,0.7588429485890966
1065,0.9635078782684273,0.8286357570663379,0.7398731772029967
1066,0.9843182958405835,0.8367876298251788,0.7599192963300034
1067,0.9694752559891969,0.8235189116176038,0.7497953891941069
1068,0.964560984492883,0.8220012040434839,0.731935627142239
1069,0.921034253093861,0.7998930730267206,0.7282696235083419
1070,0.8945824256575853,0.8117676101055491,0.761634574042036
1071,0.8844279148083075,0.7832543323216252,0.7331799169628863
1072,0.8331037847417514,0.7876654093277591,0.7516788834010428
1073,0.8112151037065122,0.7854245775545854,0.7400078235762964
1074,0.7985031644812884,0.775984791315451,0.7223499396126565
1075,0.7734804565419969,0.7748025637264107,0.7102753065548955
1076,0.7871199848599163,0.777008199189011,0.7073153731353317
1077,0.7874209300086271,0.7635631115904358,0.697023340976253
1078,0.8385444748196053,0.7899592779656259,0.7167665057633357
1079,0.8431579356978963,0.788970969443106,0.7105442334146104
1080,0.8138227120290246,0.7230337358091239,0.6553507457986696
1081,0.8863334074709533,0.7339909387437786,0.6741856878680279
1082,0.877532947994842,0.7441364934255132,0.6830987838331599
1083,0.8820208917413729,0.7322264691575118,0.664667232053374
1084,0.8800903763707878,0.697286034792377,0.6441167378568202
1085,0.8676040451090813,0.7183534021791267,0.6531979588451347
1086,0.8615866219724332,0.7305567290352399,0.6783563409866349
1087,0.9065673610456909,0.7710392733619873,0.7223836012059814
1088,0.8904453379449556,0.7671669035226463,0.7174889494157266
1089,0.8908718002254264,0.7639160442915025,0.7004596591187402
1090,0.9364039805881635,0.7880034102607036,0.7204799832204274
1091,0.9640844767965339,0.7940961534117004,0.7297933594366182
1092,0.9580920763678248,0.7908276475455032,0.7354699114979084
1093,0.9606996846903372,0.7665806861845559,0.7195962749239286
1094,0.9362787325177792,0.7813064152984301,0.7150415320488781
1095,0.9737374572415228,0.7894599363693366,0.7252387080332887
1096,0.9313644610214652,0.765586075292374,0.699270069387246
1097,0.9056144801836802,0.7157420880293661,0.6637161090985044
1098,0.8881636974790933,0.7125270068659952,0.6746270389218119
1099,0.8722172369259967,0.7110171530140694,0.6621525829715968
1100,0.8540146967377283,0.6881734869779952,0.6451574116265404
1101,0.8690583218446929,0.669308846267848,0.6384272882828703
1102,0.8455149133489522,0.6776573529601404,0.6566801043198389
1103,0.8660997229575912,0.713024215352553,0.6809831343983477
1104,0.8267351019791381,0.7169323632596669,0.6723836949644955
1105,0.8063508776260769,0.7474318570824234,0.6827167064545785
1106,0.8239522001703629,0.7418539690530379,0.6750008838455039
1107,0.8202414402075163,0.7495280252319731,0.697774415277314
1108,0.8378173364517995,0.7507536906919139,0.7015473493530502
1109,0.8641190276404397,0.7409306234178021,0.6900586841399607
1110,0.8718915381307223,0.7326172160765498,0.689140856891532
1111,0.7781440973668544,0.7496701679077324,0.7010374859802435
1112,0.7806510767348581,0.7212309672072192,0.7068839010274148
1113,0.7904547315502345,0.7145697503127186,0.6986921510540216
1114,0.7797236221728502,0.7303613555757209,0.7093650714593092
1115,0.7678138894392502,0.73998924330938,0.7141577322806583
1116,0.7694688859611275,0.7320310956979927,0.7248647716378755
1117,0.7857662025481257,0.678155240163431,0.6967888074836306
1118,0.7840360033717427,0.667816832970042,0.673301339269482
1119,0.7625236046704077,0.6514922411527091,0.6772781638113081
1120,0.7723521476630354,0.6400937753821878,0.6666732068947174
1121,0.7746839680754641,0.6386154333785714,0.6676930251120516
1122,0.784938704287187,0.663157830437362,0.7081754817278147
1123,0.7923853814515075,0.6669873441630021,0.7042666206746853
1124,0.825431365083226,0.6992413207400998,0.7254425984993789
1125,0.8170570988262097,0.7036940903455355,0.7374072825485081
1126,0.8254816795604801,0.7014498649886978,0.7193243294974208
1127,0.7840111151944912,0.6999359388363751,0.7174889494157266
1128,0.7845626910146585,0.6818230253875932,0.6818329066863587
1129,0.7834094939584454,0.7078081803012939,0.6953612083341165
1130,0.8024146442304009,0.7333301595246111,0.7268701976488932
1131,0.8286657518804111,0.7480770258167362,0.74882789280118
1132,0.8614612393713609,0.7469726567329038,0.7497457200496087
1133,0.8663753763369869,0.744479342335121,0.7446812052734726
1134,0.8772570255540705,0.7614703370245504,0.7599768320425071
1135,0.8599818053971223,0.7669738570919256,0.7829543454121282
1136,0.8409766551251668,0.7705713466544741,0.7943412025997543
1137,0.8575999395688151,0.7739195532570111,0.7962107016333784
1138,0.8652973819352797,0.7667240893342475,0.784687734524917
1139,0.8696097631341723,0.7910352379062131,0.7965844550853496
1140,0.8906209004925941,0.7835726504693179,0.77901145687879
1141,0.8997976423026098,0.7804203021239664,0.7806089190141854
1142,0.9067427890626417,0.7834125702799055,0.7872710788691588
1143,0.909166493934869,0.7763418932764476,0.7714315612471088
1144,0.8852945614994091,0.7779446343612368,0.7810509103700163
1145,0.8816471654905377,0.7668312296185,0.7664690374398784
1146,0.9018715673864385,0.7419147626803919,0.7438652775222285
1147,0.8983248003320755,0.7314957821148638,0.7405343348023232
1148,0.8944508546448721,0.7182627450155283,0.7273801524934207
1149,0.8873824777747737,0.7196873714377188,0.7296913684677127
1150,0.8771445578990317,0.6877537491585124,0.6890389573943474
1151,0.8974192742721864,0.7157512991850259,0.7102489626992499
1152,0.8584042985514443,0.6874511384552076,0.6907044744901605
1153,0.8433617496899825,0.686987865805291,0.6830905513782706
1154,0.8631334558212825,0.6880565537808836,0.6887329844876309
1155,0.8767420420809974,0.6857946817889924,0.684518059056064
1156,0.8691453631997291,0.6938271973623904,0.6862517225840157
1157,0.8709815725581344,0.7009688487441945,0.6986582150455338
1158,0.862881883435011,0.7180665958797432,0.7229614280674845
1159,0.8773458158080486,0.7270786936176676,0.7396505350341036
1160,0.8882628465960357,0.7222343044573944,0.7455988495784593
1161,0.8724657151064475,0.6834258634319155,0.6983183061303295
1162,0.8595613969976047,0.6777087415127683,0.6693586336795858
1163,0.8276149326776486,0.6436379372014434,0.6314592469929015
1164,0.8292498841270369,0.6507975260969006,0.6404667417740968
1165,0.8294511420360541,0.6548939694176057,0.6392770605708813
1166,0.8329227064359112,0.6409665081410616,0.6315951739702947
1167,0.821024408810778,0.6431747615110599,0.6252730145022467
1168,0.7975802839626674,0.6341450171380822,0.6235733784545039
1169,0.7663129305549562,0.6385441681216251,0.6336345359898001
1170,0.7758214250411991,0.646754507479022,0.6426761497229252
1171,0.7437240172894805,0.6532377066704571,0.6434577755787976
1172,0.7401269357578634,0.639577174988978,0.6461431108919449
1173,0.7665141884639733,0.6421598860764266,0.6562040854837992
1174,0.7623637822132471,0.6351782179245016,0.6428121681720396
1175,0.7843489217516716,0.6730068828663873,0.6670472347618517
1176,0.7888263721045506,0.6768538493080143,0.6845522694797148
1177,0.7939832024310504,0.663656687235985,0.6818669341665675
1178,0.7806260540269189,0.6827671203629466,0.6896508117360596
1179,0.7565278409745025,0.6653129499831338,0.6632402732059068
1180,0.7652565955939922,0.6764263547258706,0.6665712159258119
1181,0.7690548005039385,0.6773349625120508,0.6605889653729684
1182,0.7629674214096106,0.6758566205084344,0.6975364973310152
1183,0.7821101965752321,0.6832132311754762,0.7082094177363025
1184,0.8034915623866054,0.6949807249295854,0.7175569129044232
1185,0.8249485344445479,0.6868204166913507,0.705150328971184
1186,0.8283193353592085,0.6994804229491192,0.7156533863905903
1187,0.8137294822623474,0.6923735800397552,0.7153813494923615
1188,0.8178800230437616,0.7010518461046651,0.7271760790838886
1189,0.7986114616850043,0.7011946674971572,0.7329205946338755
1190,0.803441247909351,0.6995160070978255,0.742644953292481
1191,0.841173473521485,0.701605388080047,0.735291358698533
1192,0.852970873130734,0.712283444518446,0.7520600460624145
1193,0.8430348401185176,0.7360501653111562,0.7763539289688242
1194,0.8509835858098779,0.7296218452155463,0.7628153824883153
1195,0.8557630575569705,0.7171402444989765,0.7473180605744945
1196,0.8746792830442599,0.7209437730697028,0.7358069847897619
1197,0.8816471654905377,0.7267648356085048,0.7313053869846076
1198,0.8803391236126145,0.7204615933108005,0.7338825112518219
1199,0.8644918121764601,0.7167475583892733,0.7275256840015181
1200,0.894325337513112,0.7561385322905787,0.7743609431118614
1201,0.8879106452552558,0.763120297402037,0.7848070136490899
1202,0.8819995013620056,0.7620846726272861,0.7907857882765359
1203,0.8744781596659307,0.7702092027977478,0.7968336240533305
1204,0.8778488260499037,0.7679414162743279,0.7862500715194518
1205,0.8771445578990317,0.765959563414492,0.7903734337583062
1206,0.8536248268043517,0.744549831915801,0.7730550013512658
1207,0.8607436526823923,0.7557815272891151,0.7846351382853469
1208,0.856718763563426,0.7534065035219095,0.7833292879964724
1209,0.8678122986138664,0.7790659713633896,0.8153888455998968
1210,0.8871813543964443,0.7824585854321597,0.8194093936243569
1211,0.9324346526432775,0.784458472765182,0.8109905193677418
1212,0.9347738722435376,0.7852086486740153,0.8148735853955518
1213,0.9444081529229164,0.7828694029745826,0.8189281609002206
1214,0.9403582410960108,0.8131714871876217,0.834150518820741
1215,0.9397796246075866,0.8001363444956702,0.8209556315959972
1216,0.9198069296286452,0.7954044283939787,0.822226905574337
1217,0.9237057634931002,0.7809229403443865,0.803774681185607
1218,0.9037330685141586,0.7792267302695348,0.7986890364419219
1219,0.9031040030177925,0.7684951521687762,0.8087571458280136
1220,0.8829050274218947,0.7478530492949054,0.7738111065969815
1221,0.884917202920002,0.7456030063660719,0.7586231420435541
1222,0.8909042221211972,0.7619061701265544,0.7757696076151304
1223,0.8861247503741047,0.773780416326783,0.7807522552009791
1224,0.8674348055037716,0.7522637384629063,0.7540186385522842
1225,0.8610203823072907,0.729104275227004,0.7414421916331639
1226,0.8779746122430393,0.7154619719377779,0.7312366917221429
1227,0.8892944279104361,0.7304254458272057,0.7312024812984921
1228,0.8705288767935336,0.7392107552168348,0.7327486277984114
1229,0.867158075878873,0.7360501653111562,0.7413391030036065
1230,0.829124232464589,0.7248543449651483,0.72419263743203
1231,0.8401167349684574,0.7336215229220577,0.7278349498901904
1232,0.8505057328066502,0.7359788030946768,0.7363910317282927
1233,0.8503799466135146,0.7351218747397241,0.733160982316641
1234,0.8498013301250903,0.7392821174333142,0.7382467185320472
1235,0.8517633256766314,0.7349786655090991,0.7318208301323947
1236,0.8662022353417297,0.7366752634220839,0.7426790722444108
1237,0.856718763563426,0.7544957469185531,0.7416827622593716
1238,0.8373498423115359,0.7556741930857962,0.722612006093297
1239,0.8350859598964692,0.7544065441479539,0.7091419719318108
1240,0.8465814726421924,0.7188546829660811,0.6907929276443594
1241,0.8767167503116825,0.7575668431750329,0.7154990735972777
1242,0.8573980090063588,0.745585456690552,0.7053966623158141
1243,0.841173473521485,0.7606918489320051,0.7064274571396674
1244,0.8137294822623474,0.7627095768191474,0.7128531625958776
1245,0.8117173067642399,0.7770660840303671,0.7286939608220215
1246,0.7998944808549883,0.7896672358514467,0.7437101414834271
1247,0.8173519900939673,0.8058653924374084,0.7533313200407541
1248,0.8152890965265421,0.8101024270813404,0.7573861699605862
1249,0.8139560319406794,0.8039298862344708,0.7529191484659665
1250,0.7991650554654891,0.8002773236570304,0.7437444433787987
1251,0.7929517556473377,0.8191969404225359,0.7591728870867129
1252,0.7857324353454763,0.8270131392772306,0.7618531914552056
1253,0.7689290143108028,0.8246207597535713,0.7557367518876674
1254,0.746189292144252,0.817790736311665,0.7393460256749229
1255,0.7574586588037068,0.8260453861757617,0.7528504532035019
1256,0.7544901046457045,0.7986703163527777,0.7493798331656427
1257,0.7474720422528603,0.8168045608988768,0.7613033549403259
1258,0.740956990101871,0.8358156105042467,0.783741733986423
1259,0.7419884368855837,0.84381438416007,0.7944967959971607
1260,0.7331591878422735,0.8356508762572379,0.7741890677481185
1261,0.7303670034160369,0.8402533513820272,0.7690691211090617
1262,0.7535345331699369,0.8576205490605056,0.7883805393730645
1263,0.7555970231452985,0.8651993909777795,0.8065921931355868
1264,0.745837090803472,0.8639939900602902,0.8007852024001629
1265,0.7391459379820929,0.8438508409445757,0.7725396496751997
1266,0.7666904236650512,0.8503158117437579,0.7902704366004698
1267,0.7937818099913453,0.8578215461729537,0.7928819542347769
1268,0.7928258349235141,0.8714815930567665,0.7961462140700795
1269,0.7979322162420716,0.8506991897382683,0.7837760358817949
1270,0.784952695478723,0.845640423049957,0.7897206000855899
1271,0.794863705783,0.8323823703910407,0.7808208589917227
1272,0.7670926704217097,0.8143208454948867,0.7686566751191108
1273,0.7613574926681616,0.8187953340357728,0.7610283909470255
1274,0.7695076307992269,0.8139192391081234,0.7609941805233746
1275,0.7615335933385515,0.7888636352397871,0.7325768439063893
1276,0.7387434221640586,0.7819239505657636,0.7176295414508904
1277,0.7494844868123435,0.8085319735211269,0.7234710170251282
1278,0.7405041598065826,0.7850646637671239,0.7070459889170118
1279,0.7703629769125496,0.7926253742516782,0.7119598497686748
1280,0.7820849048059172,0.8034731098732826,0.7313053869846076
1281,0.7864367034963483,0.8102483511788969,0.7211685823360514
1282,0.7572069518867476,0.790689577170141,0.7127156805992274
1283,0.7388188938799402,0.7885528799356885,0.7066337258705031
1284,0.7196007815291249,0.7706378608942905,0.6815839206618197
1285,0.7152992973159481,0.7461664382138462,0.6712066368587768
1286,0.6957289836243529,0.7403043617924752,0.6709661577042902
1287,0.6901193902679087,0.7352274636714444,0.660279608012575
1288,0.6887108539661647,0.7331455485732841,0.6716876866394712
1289,0.6777182169316086,0.7199967693083518,0.6599702506521818
1290,0.7121547770182436,0.7064099268721502,0.6510705095583145
1291,0.7156263414181009,0.715431429684801,0.6500741995732753
1292,0.7011372518064362,0.7131850712182315,0.6399717882918117
1293,0.6787494619192894,0.71166939979431,0.6441639372648518
1294,0.6959803542145925,0.7123268823893465,0.6498678393707185
1295,0.7012378807609446,0.7099890910829127,0.6420677713066107
1296,0.6945466606742213,0.7183897620040991,0.6461569231218145
1297,0.7430197491386085,0.7428609907654771,0.6766700598101567
1298,0.7432210070476256,0.7407062590578384,0.6649184133992168
1299,0.7404036653827618,0.7552429170818553,0.673646370601062
1300,0.7482517821196139,0.7482666786637928,0.6725123042042094
1301,0.739900520610219,0.7638624256696096,0.6764296721273912
1302,0.7456861473717092,0.7457464095157635,0.661688363987565
1303,0.7508680004061482,0.7559185311096115,0.6769107219080854
1304,0.755320428051088,0.7366338617013817,0.6500397147344614
1305,0.7613323354295344,0.7186089875088002,0.5600803871778417
1306,0.7476985919311924,0.7154131043330147,0.5608020075847435
1307,0.7535595558778762,0.7003833101228369,0.5421436059368989
1308,0.7505659790119347,0.7059350190782425,0.5360959531035463
1309,0.7520502560909358,0.7264067640521754,0.5388105593674108
1310,0.7565781554517569,0.7315019875249924,0.5380888474887879
1311,0.7656589768813385,0.7319403415748613,0.5371267479273993
1312,0.7586409144884944,0.740030257191949,0.53894794989234
1313,0.7661621216538813,0.7363049749645636,0.5517991778613189
1314,0.7880214749991702,0.747736988733593,0.5562662908276594
1315,0.7983601583601087,0.7477919647889515,0.5732409725072138
1316,0.787820217090153,0.7333646771184517,0.5675370704013472
1317,0.8018564764065294,0.7482666786637928,0.5705607596104421
1318,0.7987122251702007,0.7519190473221666,0.5606301322210006
1319,0.8138804256941102,0.7591874248139419,0.5650972451873411
1320,0.8177292141426865,0.7711125747691319,0.5686020756488512
1321,0.8263070253304133,0.7724094085264854,0.5634823119532364
1322,0.8181065727220936,0.7707107744633022,0.5585684511015734
1323,0.820144039989516,0.7678438749838683,0.5510775574544169
1324,0.8226091803135999,0.7608127574699806,0.5601147805449345
1325,0.8047744470259016,0.7619449539398584,0.5642038408884171
1326,0.7974796550081588,0.743883622962771,0.5522459257466412
1327,0.7948384140136852,0.7406511860429466,0.5516273939692968
1328,0.7988127195940214,0.7490519539236662,0.5673651035658831
1329,0.8053780862222649,0.7767556196048684,0.5837901316739997
1330,0.8051516710746208,0.7761530161056571,0.5887726877881272
1331,0.7979576425420744,0.7784540597489853,0.5878104052832969
1332,0.7978066991103115,0.7748563762673701,0.5917275902630366
1333,0.8312876204558352,0.7877860269871346,0.6007304199864612
1334,0.8383810200338727,0.7846631543398941,0.5986343454999412
1335,0.8380541104624079,0.7831474829159726,0.6051287462186161
1336,0.8128742706797126,0.7733954869797406,0.601314558396713
1337,0.8095287615343668,0.7859961540031535,0.6021393589048931
1338,0.8054787151767736,0.7792760826719642,0.6000497789105634
1339,0.8165719811658382,0.7731763584345728,0.6038805231139663
1340,0.817628585188178,0.7525035193886584,0.586120465237979
1341,0.8270867651971666,0.7680628096099695,0.5930502713485735
1342,0.827841213294605,0.7540192877721132,0.5887671080131469
1343,0.8189367615967892,0.7441029454270054,0.5770314691533802
1344,0.8200434110350076,0.7578360028393629,0.5951396683994612
1345,0.8385069407576963,0.7566672526254459,0.6041242952504087
1346,0.8541028143382673,0.759351868182351,0.6010250503997747
1347,0.8544550156790472,0.7553962101039395,0.5915529707476637
1348,0.8669569525005437,0.7401628008739156,0.5949309299321586
1349,0.8540776570996401,0.753225189194713,0.5965676334358594
1350,0.8567440553327409,0.7595910673509034,0.6031145389223835
1351,0.8603662941029852,0.7708137454876245,0.6002937339904477
1352,0.8458772044913204,0.7635647599025013,0.5878963887010287
1353,0.8354380267065614,0.7554148263343254,0.5763698541954487
1354,0.8257787233192434,0.7455900137886151,0.5800959547500373
1355,0.8262315536145318,0.7484234622290744,0.5862249259433512
1356,0.8428587394481276,0.7550835156091757,0.5961149398886725
1357,0.8532979172328868,0.787022276743645,0.6254713251933564
1358,0.8862253793286131,0.7760020501123712,0.6242176137854469
1359,0.8726669730154647,0.7894509191327435,0.6321921184214851
1360,0.8705288767935336,0.7935351455522577,0.6336896019658369
1361,0.8978216555595327,0.794620510567571,0.6313215820528093
1362,0.8952308635730012,0.796957332278672,0.6217798924210236
1363,0.9462696540506367,0.7758731908926686,0.6210485760116966
1364,0.9611862821882747,0.7760387008159435,0.6345949890602107
1365,0.9627206046831546,0.7714392314366851,0.6239390823950277
1366,0.9502691168696001,0.801115247943464,0.646086764311814
1367,0.9491120184234395,0.8651769933255964,0.6884671676664296
1368,0.9772854350720764,0.8567323027763101,0.6863777706155421
1369,0.9892337781130881,0.8586272798943451,0.7227685142079137
1370,1.0,0.8487662044831954,0.7225945349945877
1371,0.9982685900474265,0.8495959841688352,0.7048693278442981
1372,0.9540638239816625,0.814549088236181,0.6227549809667929
1373,0.9260748489060621,0.8243068047848752,0.6262373093849392
1374,0.9252028209874464,0.8259301982502487,0.6248443780176807
1375,0.9472232075660866,0.8219275147982061,0.6347691512169786
1376,0.9344142717149263,0.825100030726476,0.637764026833961
1377,0.9481226797450227,0.8097901204247098,0.6289535621397815
1378,0.9597870285039921,0.8341569237687665,0.6395398588252899
1379,0.940137476237256,0.8454457283071708,0.6461564657632095
1380,0.9255025553599666,0.8412400115924816,0.6403408766860124
1381,0.9198066605672696,0.826225149150426,0.6455297015309758
1382,0.9381479018947066,0.8423099600420065,0.6553150718274827
1383,0.945942340887108,0.8572510362792516,0.6655185593606419
1384,0.9376572684761336,0.8522892291242004,0.6635683822691032
1385,0.946678223749624,0.8493008393495916,0.6664936479064112
1386,0.9528102670323165,0.8417750342970107,0.6628022151340784
1387,0.9586423068811135,0.8442467267188767,0.6507881363556138
1388,0.9750487278559544,0.844634177013784,0.6659015514564333
1389,0.9739041407637637,0.8477885615093341,0.6832784342931872
1390,0.9536551197519872,0.8394324919734473,0.6784381167052014
1391,0.963902187714503,0.8141064679668486,0.6625932937233339
1392,0.948695915005933,0.8268523803710854,0.6741548618980537
1393,0.9483676601275896,0.8196583708413208,0.6730055197237956
1394,0.9498992920087123,0.8255980148892996,0.6759306938893825
1395,0.9267070086082488,0.8217244815355595,0.6868305556344498
1396,0.9204440669662822,0.8193448037107576,0.6843929257417476
1397,0.9069880385065842,0.8172235230420937,0.6812935894193928
1398,0.8941885198035732,0.8174450755755929,0.6826866122583723
1399,0.8929303888108405,0.8229048668934678,0.6948748531936046
1400,0.8868860595366231,0.810306526898853,0.6950837746043492
1401,0.8899764984978135,0.8185701939995429,0.7009341229355233
1402,0.8889099392045733,0.8330687469269886,0.7157342473919468
1403,0.8959662083127656,0.8370714303790312,0.7253456384751278
1404,0.8987558366559331,0.8372742697226112,0.7243356077319398
1405,0.9005608348947581,0.8466262106246123,0.7165003230552505
1406,0.9094221022417758,0.8417011511326666,0.7188683429682783
1407,0.923862626275128,0.8559968647165324,0.7236392335200317
1408,0.9043079181433232,0.8929437796629511,0.740807377889483
1409,0.9109810438525311,0.8881663895401606,0.738891960051921
1410,0.9122117305849432,0.885288824512068,0.744881619814165
1411,0.9147006828407757,0.8993997332255401,0.7481203590393108
1412,0.9029950331606375,0.9022959144840186,0.7343301738543544
1413,0.8732933478980741,0.9022590698613797,0.7332507160749338
1414,0.863803284116066,0.89460392079143,0.7412600714366697
1415,0.8584154645985355,0.9013734414845822,0.7373598087253135
1416,0.850484073365907,0.8915972056650352,0.7220373807420286
1417,0.8516052521184126,0.8947514932010521,0.712634911069592
1418,0.8660457761517651,0.8960795479281152,0.7170575687795306
1419,0.8470106255364201,0.876692974050429,0.6978697288105871
1420,0.8529728910910516,0.8736864528431005,0.6950837746043492
1421,0.8382860413682537,0.8682449868770119,0.6940739268046032
1422,0.83609816879182,0.877062002034017,0.7012823557773378
1423,0.8360708590621874,0.8960982611180344,0.7145849966894096
1424,0.8382041121793559,0.9079219914014345,0.7252062355723368
1425,0.827401028883974,0.9141750086609102,0.7229426763646813
1426,0.8329529758406763,0.9106887316830108,0.7366633430416842
1427,0.8530002008206844,0.9036793331045734,0.736140856571381
1428,0.8553795105659224,0.8788326770304125,0.7160127787823658
1429,0.8553250256373451,0.8892729886932578,0.6920889904590879
1430,0.8524531990439038,0.872007792443769,0.6941783875099754
1431,0.8585794575070193,0.8657359650348408,0.6999591258614748
1432,0.8414861228400384,0.8584317125157594,0.6986358959456118
1433,0.8317222891082644,0.8500725402748084,0.6938301546681609
1434,0.8278661014718566,0.8644604623748045,0.6893726462325245
1435,0.8082291950897779,0.83324337104639,0.6764182381622672
1436,0.8053573684963368,0.8258276150640596,0.6618853026028597
1437,0.7881546603801374,0.8060947986931017,0.6544069405814792
1438,0.8096513189909943,0.8113469996502669,0.6691517246467029
1439,0.8351956024070634,0.8215554810690873,0.6668235864040275
1440,0.8217397084780534,0.8179308428372258,0.6607210505380801
1441,0.8269360908267797,0.8038385503541396,0.650667942514231
1442,0.8394074891821351,0.814731469118243,0.6619558272997441
1443,0.8391339882937449,0.8113286742984807,0.6752895685969531
1444,0.849690880430369,0.8221842636422789,0.6853427680925233
1445,0.8413766148601319,0.8185596254104175,0.6860481980048097
1446,0.8479951211100746,0.8226651829272489,0.6766652118089442
1447,0.8341290431138232,0.8100524929217114,0.6652363691013832
1448,0.8365083528590612,0.8048743690479572,0.6610385488816415
1449,0.8363443599505774,0.8041716063508881,0.6643543987675831
1450,0.8592358327330182,0.8310797190616914,0.6904221927591809
1451,0.861560523018991,0.8656810859390156,0.7146911038857597
1452,0.858743584946191,0.8673825318286634,0.709505663494473
1453,0.8553523353669777,0.8737259153731376,0.7088353587230474
1454,0.8715156593888816,0.870248946510431,0.7105286832220419
1455,0.8766028028190772,0.8776278578701229,0.7237918998223665
1456,0.8805958081650239,0.869527858461576,0.7177598886533034
1457,0.8797205515099001,0.8506089204128031,0.7094000136567278
1458,0.8799940523982904,0.8554357598975564,0.7131389202522551
1459,0.8834400559674568,0.8715620694693724,0.7250616187814494
1460,0.8707226009840315,0.8618901621076132,0.7219224007887421
1461,0.879939432939025,0.8707852296888927,0.7199115779461862
1462,0.8941063215532995,0.8710810532248692,0.7284127767516937
1463,0.9037060278459018,0.8781642380081176,0.7210756470675239
1464,0.9164783713499681,0.9049798513241907,0.7354324080923018
1465,0.9142630545132137,0.9089744871349728,0.729506321176147
1466,0.9135519252972616,0.9133389266056084,0.7473198900089142
1467,0.9155210509752584,0.9193308318420148,0.7454502995035692
1468,0.8962123994715231,0.930131251211388,0.7366670019105239
1469,0.9016273941879985,0.9010778118676721,0.7175836226469527
1470,0.9181465518792541,0.9283372089674768,0.7545864035244785
1471,0.9353495290568293,0.9999999999999998,0.8088737722722776
1472,0.9492429167827133,0.9993340819255696,0.7989617136421976
1473,0.969536198390791,0.9834296157658526,0.7946934601972926
1474,0.9526068566322939,0.970058896129288,0.7792432462197825
1475,0.9719703966566703,0.972814292145473,0.7789610559605236
1476,0.9733377665679336,0.9863145497184731,0.7979386024429076
1477,0.9804486551353911,0.9757918224523565,0.784569736004838
1478,0.9852621631465087,0.9815804035475164,0.8009016459009852
1479,0.9954908004047894,0.977400671987741,0.7977623364365571
1480,0.9842229135829009,0.9749965603605575,0.7838289980082489
