Date,RELIANCE.NS,TCS.NS,INFY.NS
2018-01-01,401.8648376464844,1083.7716064453125,415.2442321777344
2018-01-02,402.48321533203125,1077.872314453125,413.6974182128906
2018-01-03,404.0955810546875,1080.924560546875,410.3226318359375
2018-01-04,406.5250244140625,1088.4825439453125,407.9522399902344
2018-01-05,407.8281555175781,1101.63232421875,406.58612060546875
2018-01-08,410.16937255859375,1111.9554443359375,416.2486267089844
2018-01-09,415.6468505859375,1109.7431640625,418.3779602050781
2018-01-10,416.2652282714844,1149.7249755859375,422.7571716308594
2018-01-11,414.2332763671875,1143.1297607421875,432.2188415527344
2018-01-12,419.20269775390625,1137.3333740234375,433.28338623046875
2018-01-15,419.2690124511719,1124.9415283203125,434.3682556152344
2018-01-16,407.6956481933594,1167.852294921875,451.1217956542969
2018-01-17,408.3803405761719,1183.460205078125,462.87335205078125
2018-01-18,406.260009765625,1195.4422607421875,463.11444091796875
2018-01-19,411.3841247558594,1212.2786865234375,459.3981018066406
2018-01-22,429.14166259765625,1279.6619873046875,462.0297546386719
2018-01-23,434.33203125,1273.748779296875,472.9176025390625
2018-01-24,426.8667297363281,1303.56005859375,476.4129638671875
2018-01-25,426.66802978515625,1281.5714111328125,472.234619140625
2018-01-29,426.049560546875,1313.517578125,475.24798583984375
2018-01-30,419.8211364746094,1294.6290283203125,470.3262023925781
2018-01-31,424.6360168457031,1277.9984130859375,462.1302490234375
2018-02-01,416.9278564453125,1288.7779541015625,459.8602294921875
2018-02-02,399.4794006347656,1294.95751953125,459.31787109375
2018-02-05,398.5076599121094,1274.2418212890625,457.28900146484375
2018-02-06,394.06829833984375,1230.7362060546875,445.05517578125
2018-02-07,395.084228515625,1213.4080810546875,445.5775146484375
2018-02-08,399.56781005859375,1221.271728515625,455.7019348144531
2018-02-09,396.6081848144531,1220.244873046875,445.6175537109375
2018-02-12,404.40472412109375,1218.43798828125,443.0665283203125
2018-02-14,412.42218017578125,1195.6485595703125,441.03753662109375
2018-02-15,413.3056335449219,1201.4178466796875,447.7469177246094
2018-02-16,406.966796875,1204.3741455078125,453.2109375
2018-02-19,409.48468017578125,1200.4940185546875,454.6976013183594
2018-02-20,406.8784484863281,1209.1787109375,456.7867736816406
2018-02-21,410.5226745605469,1249.2349853515625,460.98529052734375
2018-02-22,408.3140869140625,1252.478759765625,466.34881591796875
2018-02-23,412.687255859375,1262.99072265625,464.2996826171875
2018-02-26,414.65289306640625,1244.882080078125,457.4497375488281
2018-02-27,419.86529541015625,1249.25537109375,462.1101379394531
2018-02-28,421.6543273925781,1246.258056640625,471.109619140625
2018-03-01,418.9377136230469,1247.3455810546875,466.34881591796875
2018-03-05,408.2036437988281,1275.329833984375,464.4002380371094
2018-03-06,402.3506774902344,1249.4400634765625,462.57208251953125
2018-03-07,393.0301818847656,1243.1368408203125,459.65936279296875
2018-03-08,402.6157531738281,1233.4873046875,464.701416015625
2018-03-09,403.3446044921875,1245.8677978515625,467.41339111328125
2018-03-12,410.9423522949219,1253.279541015625,476.3927917480469
2018-03-13,411.6270446777344,1185.38330078125,475.6094055175781
2018-03-14,410.3902282714844,1185.42431640625,474.40423583984375
2018-03-15,402.7703857421875,1178.3616943359375,475.087158203125
2018-03-16,397.5800476074219,1160.2945556640625,470.8283996582031
2018-03-19,395.5701599121094,1162.4705810546875,460.72412109375
2018-03-20,393.05224609375,1176.3699951171875,467.87542724609375
2018-03-21,396.18853759765625,1173.0438232421875,469.0606994628906
2018-03-22,401.1580505371094,1162.6141357421875,466.5697326660156
2018-03-23,394.8634033203125,1157.1937255859375,469.1008605957031
2018-03-26,398.0438537597656,1156.7216796875,464.13897705078125
2018-03-27,397.46954345703125,1169.32763671875,463.6367492675781
2018-03-28,389.9159851074219,1169.9232177734375,454.7176513671875
2018-04-02,394.4436950683594,1194.7657470703125,456.8671569824219
2018-04-03,397.3591003417969,1195.4227294921875,458.1929626464844
2018-04-04,395.30511474609375,1195.279296875,451.6642150878906
2018-04-05,401.1801452636719,1214.5986328125,461.04547119140625
2018-04-06,402.41693115234375,1211.4573974609375,452.7891845703125
2018-04-09,404.6255798339844,1200.6171875,446.4613952636719
2018-04-10,405.08941650390625,1206.2425537109375,447.3252258300781
2018-04-11,411.185302734375,1237.67529296875,451.68426513671875
2018-04-12,410.235595703125,1289.04443359375,467.0919494628906
2018-04-13,414.7191467285156,1294.8140869140625,470.6475524902344
2018-04-16,413.92401123046875,1308.9183349609375,455.280029296875
2018-04-17,417.1044921875,1300.2752685546875,452.0659484863281
2018-04-18,414.34368896484375,1297.1956787109375,452.36724853515625
2018-04-19,416.2431945800781,1310.35595703125,455.1395263671875
2018-04-20,409.8822021484375,1397.1201171875,473.4599609375
2018-04-23,413.46026611328125,1399.6658935546875,477.1763000488281
2018-04-24,428.50115966796875,1390.22216796875,463.83770751953125
2018-04-25,428.70001220703125,1424.96044921875,466.1880798339844
2018-04-26,430.8423156738281,1453.2933349609375,472.6565246582031
2018-04-27,440.09661865234375,1417.44580078125,476.1719970703125
2018-04-30,425.5195007324219,1450.3572998046875,481.9170227050781
2018-05-02,429.6717529296875,1437.07373046875,480.9327392578125
2018-05-03,424.7685852050781,1429.723876953125,475.1072998046875
2018-05-04,421.3893737792969,1429.2718505859375,471.3105163574219
2018-05-07,428.92083740234375,1404.716552734375,475.2879943847656
2018-05-08,427.1980895996094,1413.03173828125,468.2773132324219
2018-05-09,431.4386901855469,1432.7825927734375,470.34619140625
2018-05-10,433.40435791015625,1417.1583251953125,469.261474609375
2018-05-11,436.98248291015625,1419.4989013671875,474.384033203125
2018-05-14,435.81182861328125,1409.8907470703125,477.81915283203125
2018-05-15,432.43255615234375,1429.949462890625,479.9284362792969
2018-05-16,422.361083984375,1434.67138671875,478.0802307128906
2018-05-17,417.5904235839844,1433.8092041015625,475.24798583984375
2018-05-18,412.510498046875,1438.0186767578125,475.3683166503906
2018-05-21,411.40618896484375,1460.4791259765625,473.8818054199219
2018-05-22,409.3742980957031,1440.830810546875,479.6471252441406
2018-05-23,402.9691162109375,1435.1644287109375,476.0513000488281
2018-05-24,404.5593566894531,1479.7581787109375,490.5550842285156
2018-05-25,406.74591064453125,1472.407958984375,493.4878845214844
2018-05-28,406.5692443847656,1438.0186767578125,487.90350341796875
2018-05-29,405.2661437988281,1446.826171875,488.827392578125
2018-05-30,404.6697692871094,1442.9664306640625,486.81866455078125
2018-05-31,406.9888916015625,1441.724365234375,494.8940734863281
2018-06-01,411.05279541015625,1434.60302734375,490.4747314453125
2018-06-04,415.60260009765625,1444.3739013671875,497.9475402832031
2018-06-05,418.6064147949219,1425.6180419921875,490.49481201171875
2018-06-06,421.58807373046875,1429.0546875,497.16412353515625
2018-06-07,429.075439453125,1437.1697998046875,503.1905212402344
2018-06-08,434.8179626464844,1446.7337646484375,506.2440490722656
2018-06-11,434.0669860839844,1448.88671875,507.18817138671875
2018-06-12,440.47210693359375,1474.805908203125,505.6213073730469
2018-06-13,442.8353576660156,1510.495849609375,512.1700439453125
2018-06-14,445.2427673339844,1480.2298583984375,510.2764892578125
2018-06-15,448.00360107421875,1523.7032470703125,527.3792114257812
2018-06-18,448.5999450683594,1514.5535888671875,521.6784057617188
2018-06-19,439.9862060546875,1510.8271484375,511.0586853027344
2018-06-20,450.23431396484375,1509.1295166015625,511.6966552734375
2018-06-21,455.84429931640625,1506.5625,513.09619140625
2018-06-22,447.252685546875,1498.654541015625,513.6312255859375
2018-06-25,443.69671630859375,1506.4798583984375,523.7567749023438
2018-06-26,432.43255615234375,1533.59912109375,525.9796752929688
2018-06-27,429.4979248046875,1538.567626953125,522.7484741210938
2018-06-28,420.2040100097656,1525.89794921875,530.8161010742188
2018-06-29,432.43280029296875,1530.07958984375,538.0604858398438
2018-07-02,427.1632995605469,1533.060791015625,549.3797607421875
2018-07-03,431.92144775390625,1551.858154296875,557.2210083007812
2018-07-04,440.281494140625,1545.316650390625,553.7017211914062
2018-07-05,428.8975830078125,1557.0338134765625,528.5110473632812
2018-07-06,434.70074462890625,1584.07080078125,528.614013671875
2018-07-09,443.394287109375,1559.2696533203125,534.6234130859375
2018-07-10,456.11224365234375,1552.7279052734375,535.673095703125
2018-07-11,461.9376220703125,1639.5103759765625,543.5142822265625
2018-07-12,481.3035888671875,1632.4302978515625,532.7713012695312
2018-07-13,489.0633239746094,1640.5042724609375,542.259033203125
2018-07-16,478.56878662109375,1647.2115478515625,548.6183471679688
2018-07-17,485.75042724609375,1661.27587890625,546.5808715820312
2018-07-18,485.8393859863281,1659.6990966796875,544.3787231445312
2018-07-19,491.3089294433594,1644.0584716796875,541.9707641601562
2018-07-20,501.89239501953125,1656.67041015625,554.8955078125
2018-07-23,498.1793212890625,1664.179931640625,558.1265869140625
2018-07-24,494.0215759277344,1658.661865234375,566.8528442382812
2018-07-25,495.88922119140625,1644.1417236328125,569.5694580078125
2018-07-26,493.8880920410156,1630.20166015625,565.24755859375
2018-07-27,502.42608642578125,1612.818359375,565.3298950195312
2018-07-30,512.0089721679688,1613.52392578125,556.0889892578125
2018-07-31,527.39501953125,1609.8731689453125,561.8928833007812
2018-08-01,530.2188110351562,1639.992431640625,557.3445434570312
2018-08-02,519.5464477539062,1616.6767578125,557.179931640625
2018-08-03,523.3707275390625,1642.4404296875,561.481201171875
2018-08-06,530.3300170898438,1639.20458984375,560.0611572265625
2018-08-07,526.5946044921875,1632.4005126953125,563.06591796875
2018-08-08,541.4915161132812,1637.9183349609375,560.9255981445312
2018-08-09,541.6028442382812,1638.208740234375,568.0052490234375
2018-08-10,535.48828125,1653.7664794921875,570.2692260742188
2018-08-13,528.1510620117188,1659.6162109375,579.8598022460938
2018-08-14,538.3342895507812,1662.437255859375,579.674560546875
2018-08-16,533.976318359375,1666.5445556640625,588.4213256835938
2018-08-17,535.2881469726562,1670.0706787109375,588.7506713867188
2018-08-20,549.14013671875,1667.748046875,569.7753295898438
2018-08-21,554.6097412109375,1674.1368408203125,569.6517333984375
2018-08-23,564.5040283203125,1688.6158447265625,575.18798828125
2018-08-24,568.0836181640625,1695.1707763671875,567.3261108398438
2018-08-27,574.3091430664062,1701.7257080078125,582.596923828125
2018-08-28,586.5380249023438,1716.9102783203125,586.4249267578125
2018-08-29,575.509765625,1719.2333984375,580.41552734375
2018-08-30,566.7273559570312,1727.862548828125,582.9262084960938
2018-08-31,552.1417236328125,1724.5439453125,593.1754760742188
2018-09-03,546.5831298828125,1703.3851318359375,590.35595703125
2018-09-04,552.275146484375,1741.5535888671875,606.8410034179688
2018-09-05,545.6271362304688,1725.249267578125,600.8726806640625
2018-09-06,560.9242553710938,1721.971435546875,598.6087646484375
2018-09-07,568.57275390625,1725.746826171875,603.2599487304688
2018-09-10,558.456298828125,1726.4935302734375,601.6546020507812
2018-09-11,550.3851928710938,1697.8675537109375,604.4946899414062
2018-09-12,556.9666748046875,1695.959228515625,611.5745849609375
2018-09-14,557.255615234375,1713.7568359375,604.0009155273438
2018-09-17,545.137939453125,1721.0174560546875,597.6209106445312
2018-09-18,541.2469482421875,1718.1962890625,591.9816284179688
2018-09-19,538.4009399414062,1724.1287841796875,592.5169067382812
2018-09-21,541.402587890625,1745.080078125,580.621337890625
2018-09-24,547.8726806640625,1824.155029296875,591.2820434570312
2018-09-25,547.2279663085938,1811.501220703125,597.8267211914062
2018-09-26,556.4773559570312,1777.4398193359375,590.9528198242188
2018-09-27,557.5224609375,1816.1890869140625,596.6741333007812
2018-09-28,559.3900756835938,1811.916015625,600.99609375
2018-10-01,547.7171630859375,1871.5330810546875,614.66162109375
2018-10-03,535.8885498046875,1794.615966796875,599.7200927734375
2018-10-04,499.0464782714844,1713.259521484375,582.1854858398438
2018-10-05,466.40667724609375,1744.664794921875,596.5093383789062
2018-10-08,493.3323059082031,1723.8385009765625,588.1538696289062
2018-10-09,484.7276611328125,1735.6624755859375,590.8704833984375
2018-10-10,490.08612060546875,1695.66845703125,576.6286010742188
2018-10-11,483.72711181640625,1642.85498046875,554.319091796875
2018-10-12,500.9586181640625,1591.7015380859375,558.8057250976562
2018-10-15,506.8284606933594,1617.5897216796875,575.270263671875
2018-10-16,517.5231323242188,1628.210205078125,572.3477783203125
2018-10-17,511.96453857421875,1600.9114990234375,580.6624145507812
2018-10-19,489.7303466796875,1587.4698486328125,562.7161254882812
2018-10-22,472.5433349609375,1579.006591796875,559.75244140625
2018-10-23,469.008056640625,1532.9832763671875,541.3533325195312
2018-10-24,465.0281982421875,1537.01611328125,534.93212890625
2018-10-25,458.3800964355469,1540.757568359375,539.8836669921875
2018-10-26,464.650146484375,1495.940185546875,527.2760620117188
2018-10-29,483.72711181640625,1555.7247314453125,536.554931640625
2018-10-30,470.0308532714844,1575.5140380859375,548.9129638671875
2018-10-31,471.9207763671875,1611.5595703125,571.2156982421875
2018-11-01,469.69732666015625,1609.5635986328125,554.8215942382812
2018-11-02,477.99066162109375,1591.0216064453125,551.1182861328125
2018-11-05,484.8388671875,1572.2296142578125,554.2389526367188
2018-11-06,490.9754638671875,1607.0274658203125,554.6135864257812
2018-11-07,493.9103698730469,1614.88525390625,562.1448364257812
2018-11-09,486.23956298828125,1587.4876708984375,548.8297729492188
2018-11-12,480.25860595703125,1592.1854248046875,552.740966796875
2018-11-13,488.9076843261719,1608.89892578125,553.9893188476562
2018-11-14,488.2406311035156,1563.748779296875,543.5870361328125
2018-11-15,487.75152587890625,1557.262451171875,546.25
2018-11-16,501.3365478515625,1568.6959228515625,541.63134765625
2018-11-19,511.3865051269531,1581.875,542.3387451171875
2018-11-20,505.783447265625,1561.752685546875,533.7672119140625
2018-11-21,494.8886413574219,1506.6663818359375,515.2092895507812
2018-11-22,490.4195861816406,1507.124267578125,516.5823974609375
2018-11-26,493.4878845214844,1535.0205078125,517.1649169921875
2018-11-27,501.6923522949219,1571.7313232421875,531.686767578125
2018-11-28,512.56494140625,1649.5999755859375,554.5718994140625
2018-11-29,519.6130981445312,1630.1846923828125,550.1195678710938
2018-11-30,519.190673828125,1636.5872802734375,555.4458618164062
2018-12-03,514.2546997070312,1648.3531494140625,557.8589477539062
2018-12-04,512.4091186523438,1672.0087890625,570.2587890625
2018-12-05,513.6765747070312,1668.599853515625,567.0548095703125
2018-12-06,499.6690673828125,1656.91748046875,556.3195190429688
2018-12-07,504.1824951171875,1658.995849609375,568.2197875976562
2018-12-10,484.81658935546875,1642.864990234375,556.9019775390625
2018-12-11,488.0627746582031,1662.9869384765625,561.312744140625
2018-12-12,493.8214111328125,1676.95654296875,564.6414794921875
2018-12-13,492.28729248046875,1648.5196533203125,580.6610717773438
2018-12-14,494.577392578125,1654.46435546875,587.568359375
2018-12-17,502.4482727050781,1658.2479248046875,577.8733520507812
2018-12-18,505.3387756347656,1652.8848876953125,563.0602416992188
2018-12-19,505.51666259765625,1636.753662109375,553.281982421875
2018-12-20,501.8035583496094,1624.7802734375,555.11279296875
2018-12-21,489.2411804199219,1576.3455810546875,537.76171875
2018-12-24,484.3274230957031,1595.220458984375,540.0918579101562
2018-12-26,488.4185791015625,1570.8577880859375,535.972412109375
2018-12-27,498.1348571777344,1587.2799072265625,546.5828857421875
2018-12-28,500.513916015625,1576.5535888671875,546.7077026367188
2018-12-31,498.601806640625,1574.05908203125,548.3720703125
2019-01-01,498.4906005859375,1582.1658935546875,553.4484252929688
2019-01-02,491.99822998046875,1599.2115478515625,556.7771606445312
2019-01-03,485.9283142089844,1579.796142578125,556.8603515625
2019-01-04,488.5519104003906,1560.588623046875,550.1195678710938
2019-01-07,491.26446533203125,1578.0916748046875,558.9826049804688
2019-01-08,491.22003173828125,1574.4747314453125,557.6092529296875
2019-01-09,493.9325866699219,1568.98681640625,562.6441650390625
2019-01-10,492.4873962402344,1570.3173828125,565.6400756835938
2019-01-11,488.28509521484375,1532.068603515625,568.8023071289062
2019-01-14,487.72930908203125,1507.705810546875,584.1146240234375
2019-01-15,502.33709716796875,1553.063720703125,604.6697998046875
2019-01-16,505.1163635253906,1555.017822265625,613.1581420898438
2019-01-17,504.4715881347656,1578.4744873046875,610.2871704101562
2019-01-18,526.6613159179688,1583.7659912109375,608.2898559570312
2019-01-21,550.3851928710938,1590.4735107421875,619.9821166992188
2019-01-22,549.2511596679688,1584.8076171875,620.2732543945312
2019-01-23,545.3157958984375,1562.892333984375,608.8723754882812
2019-01-24,554.7208862304688,1584.515869140625,612.5122680664062
2019-01-25,554.0760498046875,1600.5562744140625,611.1316528320312
2019-01-28,546.7611083984375,1629.0543212890625,609.1234130859375
2019-01-29,538.3565673828125,1652.1778564453125,609.0816650390625
2019-01-30,531.70849609375,1651.05322265625,607.4080200195312
2019-01-31,545.6937866210938,1678.3011474609375,627.1974487304688
2019-02-01,555.8326416015625,1691.5081787109375,633.4732666015625
2019-02-04,574.0423583984375,1708.4239501953125,632.5110473632812
2019-02-05,574.3313598632812,1703.67431640625,631.6324462890625
2019-02-06,582.64697265625,1728.8812255859375,638.7030029296875
2019-02-07,573.820068359375,1735.63037109375,639.2886962890625
2019-02-08,568.1725463867188,1717.715087890625,636.6949462890625
2019-02-11,557.300048828125,1721.464599609375,638.2847290039062
2019-02-12,558.7007446289062,1709.5491943359375,627.95068359375
2019-02-14,544.3819580078125,1703.715576171875,619.2481689453125
2019-02-15,553.3868408203125,1691.30029296875,620.8382568359375
2019-02-18,542.5587768554688,1641.803466796875,620.0849609375
2019-02-19,540.7800903320312,1587.2237548828125,606.0692138671875
2019-02-20,548.8955688476562,1595.5152587890625,619.7921752929688
2019-02-21,554.476318359375,1595.056640625,613.7255249023438
2019-02-22,548.006103515625,1604.5975341796875,614.980712890625
2019-02-25,547.98388671875,1654.177734375,631.674072265625
2019-02-26,542.6254272460938,1698.7996826171875,621.29833984375
2019-02-27,544.0706787109375,1714.96533203125,615.2318115234375
2019-02-28,547.4281616210938,1652.7608642578125,614.4367065429688
2019-03-01,545.20458984375,1662.7188720703125,620.7962646484375
2019-03-05,550.3629760742188,1656.635986328125,612.9305419921875
2019-03-06,562.4361572265625,1666.2183837890625,612.9305419921875
2019-03-07,564.8596801757812,1677.6341552734375,604.9396362304688
2019-03-08,563.458984375,1685.466796875,596.0698852539062
2019-03-11,579.9122314453125,1678.884521484375,595.1495361328125
2019-03-12,592.0299072265625,1676.926025390625,591.55126953125
2019-03-13,599.1226196289062,1666.9683837890625,592.8064575195312
2019-03-14,596.5656127929688,1656.0526123046875,592.7228393554688
2019-03-15,587.7164306640625,1699.8411865234375,601.2578125
2019-03-18,600.345458984375,1685.5506591796875,594.2708740234375
2019-03-19,612.129638671875,1685.5506591796875,604.353759765625
2019-03-20,611.6403198242188,1679.0924072265625,618.3278198242188
2019-03-22,596.654541015625,1671.259765625,621.8003540039062
2019-03-25,588.96142578125,1653.4276123046875,615.2318115234375
2019-03-26,607.9940795898438,1652.09423828125,608.9561157226562
2019-03-27,599.9896850585938,1639.8035888671875,610.5877685546875
2019-03-28,604.77001953125,1666.8018798828125,617.3656005859375
2019-04-01,618.9332275390625,1692.9249267578125,631.841552734375
2019-04-02,617.9772338867188,1732.63037109375,635.4396362304688
2019-04-03,611.5292358398438,1732.63037109375,630.3353881835938
2019-04-04,601.6795043945312,1678.63427734375,625.81689453125
2019-04-05,602.0574340820312,1706.799072265625,635.35595703125
2019-04-08,591.0960083007812,1725.506103515625,642.0083618164062
2019-04-09,593.408447265625,1742.7965087890625,636.4437866210938
2019-04-10,592.0521240234375,1700.0914306640625,629.8333129882812
2019-04-11,598.9002075195312,1682.8006591796875,621.465576171875
2019-04-12,597.2548828125,1678.63427734375,625.6913452148438
2019-04-15,595.943115234375,1760.9617919921875,608.7469482421875
2019-04-16,597.5439453125,1776.377685546875,605.9017333984375
2019-04-18,616.3096923828125,1791.5848388671875,600.0026245117188
2019-04-22,598.2554321289062,1801.0843505859375,603.3497314453125
2019-04-23,606.4820556640625,1795.75146484375,609.33251953125
2019-04-24,617.8882446289062,1819.4158935546875,616.2359008789062
2019-04-25,610.2841796875,1829.040771484375,609.6254272460938
2019-04-26,619.355712890625,1865.32958984375,617.5328369140625
2019-04-30,619.355712890625,1883.495361328125,628.70361328125
2019-05-02,624.8031616210938,1846.0391845703125,611.5082397460938
2019-05-03,626.4928588867188,1776.54443359375,605.4833984375
2019-05-06,615.8425903320312,1798.0841064453125,601.1324462890625
2019-05-07,597.4328002929688,1793.1678466796875,606.2783203125
2019-05-08,577.8444213867188,1793.9180908203125,601.9271240234375
2019-05-09,558.7230834960938,1810.3338623046875,603.3497314453125
2019-05-10,556.3662719726562,1779.710205078125,599.835205078125
2019-05-13,547.8726806640625,1773.8363037109375,602.2201538085938
2019-05-14,560.5018310546875,1743.5050048828125,597.324951171875
2019-05-15,558.923095703125,1746.0462646484375,599.2078247070312
2019-05-16,562.6807250976562,1757.170654296875,613.4326782226562
2019-05-17,563.5924072265625,1746.0877685546875,605.7345581054688
2019-05-20,589.6063232421875,1786.501220703125,604.4794311523438
2019-05-21,595.7874145507812,1758.0037841796875,593.5176391601562
2019-05-22,596.0542602539062,1734.672119140625,593.8943481445312
2019-05-23,593.1637573242188,1711.5904541015625,586.6143798828125
2019-05-24,594.4756469726562,1706.549072265625,593.4341430664062
2019-05-27,582.8248901367188,1712.5067138671875,592.5136108398438
2019-05-28,588.6502685546875,1728.0057373046875,609.2488403320312
2019-05-29,583.89208984375,1756.17041015625,608.9979248046875
2019-05-30,591.3184204101562,1788.4598388671875,613.8093872070312
2019-05-31,591.4962158203125,1830.332275390625,617.32373046875
2019-06-03,604.8590087890625,1868.454833984375,623.097412109375
2019-06-04,601.0569458007812,1833.8455810546875,615.2734985351562
2019-06-06,590.2510986328125,1819.5657958984375,615.5245971679688
2019-06-07,584.71484375,1832.71142578125,618.4534301757812
2019-06-10,586.604736328125,1874.5028076171875,630.5028076171875
2019-06-11,591.051513671875,1892.394775390625,631.674072265625
2019-06-12,592.3856201171875,1899.1993408203125,630.7537841796875
2019-06-13,590.20654296875,1893.487060546875,630.2022094726562
2019-06-14,585.8932495117188,1893.8233642578125,628.335205078125
2019-06-17,570.2181396484375,1889.37109375,628.4202270507812
2019-06-18,569.6400146484375,1890.7574462890625,636.5667114257812
2019-06-19,568.0169677734375,1898.3590087890625,638.0516357421875
2019-06-20,576.643798828125,1913.521484375,640.59716796875
2019-06-21,568.9729614257812,1889.917236328125,636.6090087890625
2019-06-24,561.3690185546875,1911.4635009765625,632.6207275390625
2019-06-25,576.2435913085938,1904.9954833984375,634.8269653320312
2019-06-26,575.4876708984375,1893.5711669921875,627.2745971679688
2019-06-27,566.5939331054688,1892.185302734375,619.9343872070312
2019-06-28,557.2333374023438,1870.8905029296875,621.164794921875
2019-07-01,564.2371826171875,1881.2645263671875,620.57080078125
2019-07-02,568.5283813476562,1891.80712890625,627.953369140625
2019-07-03,570.3294067382812,1879.66796875,620.57080078125
2019-07-04,570.9740600585938,1883.86865234375,622.6922607421875
2019-07-05,561.7913818359375,1817.0455322265625,609.2844848632812
2019-07-08,556.7664794921875,1827.377197265625,608.945068359375
2019-07-09,569.23974609375,1792.054443359375,607.1630249023438
2019-07-10,568.6838989257812,1770.9283447265625,608.6481323242188
2019-07-11,569.8845825195312,1766.182373046875,612.2545776367188
2019-07-12,569.417724609375,1770.42431640625,616.709716796875
2019-07-15,567.4611206054688,1802.42919921875,661.3452758789062
2019-07-16,574.9761962890625,1773.212158203125,666.0125732421875
2019-07-17,570.0180053710938,1782.6844482421875,673.9043579101562
2019-07-18,561.1243286132812,1739.49072265625,672.6738891601562
2019-07-19,555.41015625,1748.752685546875,666.4791259765625
2019-07-22,569.417724609375,1776.495849609375,665.6307373046875
2019-07-23,566.3272705078125,1778.6431884765625,670.425048828125
2019-07-24,559.9014892578125,1765.4659423828125,667.2431030273438
2019-07-25,547.628173828125,1791.6517333984375,674.201416015625
2019-07-26,539.7572631835938,1775.78076171875,667.8370361328125
2019-07-29,538.4899291992188,1793.4197998046875,671.6131591796875
2019-07-30,525.1271362304688,1834.80322265625,672.6738891601562
2019-07-31,518.6126098632812,1857.15771484375,673.4801025390625
2019-08-01,524.8382568359375,1835.561279296875,652.4351806640625
2019-08-02,529.8225708007812,1856.8211669921875,658.1630859375
2019-08-05,511.48114013671875,1893.2789306640625,659.0964965820312
2019-08-06,504.74853515625,1864.90380859375,657.187255859375
2019-08-07,496.2935485839844,1863.6834716796875,658.58740234375
2019-08-08,515.5074462890625,1901.2774658203125,669.322021484375
2019-08-09,519.8689575195312,1891.3004150390625,670.2554321289062
2019-08-13,570.2633666992188,1851.8955078125,648.9560546875
2019-08-14,576.3026123046875,1856.0631103515625,657.4841918945312
2019-08-16,571.7172241210938,1822.973388671875,657.2720336914062
2019-08-19,578.2486572265625,1821.2054443359375,659.9027099609375
2019-08-20,570.8001708984375,1841.202392578125,672.7163696289062
2019-08-21,568.5633544921875,1840.739013671875,678.4019165039062
2019-08-22,557.7374877929688,1865.83056640625,675.2196655273438
2019-08-23,570.7554321289062,1892.5206298828125,680.7355346679688
2019-08-26,566.7069091796875,1916.601318359375,681.0324096679688
2019-08-27,570.3080444335938,1883.0911865234375,665.8428955078125
2019-08-28,565.1412353515625,1885.4063720703125,680.989990234375
2019-08-29,555.5006713867188,1880.52294921875,684.7662963867188
2019-08-30,558.542724609375,1902.5406494140625,691.5125732421875
2019-09-03,539.686767578125,1895.8046875,690.9609375
2019-09-04,537.3381958007812,1890.583984375,696.9434814453125
2019-09-05,536.1973266601562,1865.2408447265625,707.7630004882812
2019-09-06,546.8890991210938,1850.2540283203125,712.9393920898438
2019-09-09,546.7549438476562,1837.9188232421875,703.5625
2019-09-11,552.2127075195312,1813.627197265625,695.9251098632812
2019-09-12,541.4537963867188,1796.451171875,692.7855224609375
2019-09-13,548.2760009765625,1803.4814453125,703.732177734375
2019-09-16,541.6327514648438,1810.25927734375,702.3744506835938
2019-09-17,535.6829223632812,1787.2310791015625,705.3869018554688
2019-09-18,539.3736572265625,1800.619140625,704.1987915039062
2019-09-19,527.45166015625,1769.80224609375,696.434326171875
2019-09-20,561.1373291015625,1739.06982421875,683.111572265625
2019-09-23,554.3599853515625,1697.265380859375,648.6165161132812
2019-09-24,572.0304565429688,1721.598876953125,673.819580078125
2019-09-25,572.41064453125,1758.4354248046875,672.6315307617188
2019-09-26,580.1275634765625,1757.719970703125,664.060791015625
2019-09-27,585.6076049804688,1731.2392578125,663.7637939453125
2019-09-30,595.986083984375,1767.5711669921875,683.6630859375
2019-10-01,583.7510375976562,1734.439208984375,673.3952026367188
2019-10-03,586.5023193359375,1734.691650390625,666.64892578125
2019-10-04,585.1825561523438,1750.77392578125,673.3102416992188
2019-10-07,586.0773315429688,1724.124755859375,670.0008544921875
2019-10-09,592.6310424804688,1700.8858642578125,664.9942016601562
2019-10-10,609.6304321289062,1687.7091064453125,664.4849853515625
2019-10-11,605.0897827148438,1672.8902587890625,691.427734375
2019-10-14,607.5054931640625,1701.6439208984375,667.0731811523438
2019-10-15,610.2567749023438,1715.367919921875,651.9684448242188
2019-10-16,613.9251098632812,1723.030029296875,654.6415405273438
2019-10-17,624.7285766601562,1748.4703369140625,652.9867553710938
2019-10-18,633.608642578125,1771.1981201171875,651.5866088867188
2019-10-22,632.6243286132812,1766.0758056640625,546.1073608398438
2019-10-23,622.8944091796875,1782.175048828125,559.0392456054688
2019-10-24,642.6002807617188,1792.419677734375,545.935302734375
2019-10-25,640.2517700195312,1829.3958740234375,547.7399291992188
2019-10-27,641.6161499023438,1821.4324951171875,557.53564453125
2019-10-29,656.2894287109375,1889.5732421875,559.0823364257812
2019-10-30,661.679931640625,1939.4632568359375,567.6320190429688
2019-10-31,655.08154296875,1953.9698486328125,589.11376953125
2019-11-01,651.7487182617188,1894.782470703125,591.0900268554688
2019-11-04,652.084228515625,1888.7989501953125,609.220458984375
2019-11-05,647.4541015625,1895.600341796875,598.1359252929688
2019-11-06,641.9068603515625,1884.106689453125,612.05615234375
2019-11-07,652.5092163085938,1881.395263671875,618.7583618164062
2019-11-08,646.6488037109375,1833.700439453125,608.4901123046875
2019-11-11,638.7307739257812,1808.734130859375,605.2678833007812
2019-11-13,658.637939453125,1875.583984375,594.054443359375
2019-11-14,654.3658447265625,1891.2529296875,606.0410766601562
2019-11-15,657.9893188476562,1872.0111083984375,604.83837890625
2019-11-18,652.7776489257812,1853.2000732421875,605.9552612304688
2019-11-19,675.391357421875,1815.492431640625,612.5286254882812
2019-11-20,692.3460083007812,1815.2772216796875,612.657470703125
2019-11-21,687.8500366210938,1823.498779296875,612.8723754882812
2019-11-22,691.83154296875,1783.552001953125,595.6441650390625
2019-11-25,698.5642700195312,1791.989501953125,599.8544921875
2019-11-26,697.9826049804688,1761.98681640625,593.409912109375
2019-11-27,702.2772827148438,1768.572509765625,597.8353271484375
2019-11-28,706.9522094726562,1788.41650390625,603.0767211914062
2019-11-29,693.9118041992188,1767.6685791015625,598.3507690429688
2019-12-02,709.7257080078125,1739.947265625,595.2144775390625
2019-12-03,706.3257446289062,1765.7314453125,600.0693359375
2019-12-04,694.605224609375,1789.40673828125,609.0916748046875
2019-12-05,693.7775268554688,1826.25341796875,614.2472534179688
2019-12-06,695.5892944335938,1828.2337646484375,614.4620971679688
2019-12-09,703.5075073242188,1773.8670654296875,616.3094482421875
2019-12-10,698.7431640625,1732.8878173828125,613.9894409179688
2019-12-11,698.9445190429688,1757.897216796875,619.57470703125
2019-12-12,701.5391235351562,1739.818115234375,603.2915649414062
2019-12-13,708.115234375,1783.1650390625,611.19677734375
2019-12-16,700.8233642578125,1830.94580078125,613.5169067382812
2019-12-17,699.0787353515625,1863.831787109375,627.0074462890625
2019-12-18,704.9613647460938,1866.2431640625,629.3704223632812
2019-12-19,720.216064453125,1919.017333984375,627.995361328125
2019-12-20,715.3623046875,1913.7225341796875,628.5970458984375
2019-12-23,702.9706420898438,1921.29833984375,632.4207763671875
2019-12-24,691.8091430664062,1907.4376220703125,630.1867065429688
2019-12-26,677.9188842773438,1895.68603515625,626.3629150390625
2019-12-27,689.9750366210938,1892.7159423828125,633.237060546875
2019-12-30,690.8026733398438,1879.5440673828125,629.7570190429688
2019-12-31,677.3150024414062,1861.034423828125,628.2533569335938
2020-01-01,675.3241577148438,1866.1141357421875,633.151123046875
2020-01-02,686.8212280273438,1857.5479736328125,631.3037719726562
2020-01-03,687.6488037109375,1894.566650390625,641.013427734375
2020-01-06,671.7007446289062,1894.3946533203125,634.8696899414062
2020-01-07,682.0346069335938,1899.0439453125,625.4607543945312
2020-01-08,676.9124145507812,1941.572998046875,617.1256713867188
2020-01-09,692.5026245117188,1906.361572265625,625.159912109375
2020-01-10,692.3460083007812,1905.672607421875,634.2681274414062
2020-01-13,690.5789794921875,1885.6995849609375,664.686279296875
2020-01-14,684.1818237304688,1899.947509765625,666.4908447265625
2020-01-15,681.6990356445312,1917.1658935546875,659.5305786132812
2020-01-16,687.9843139648438,1927.411376953125,659.0579833984375
2020-01-17,707.2652587890625,1910.4510498046875,659.7884521484375
2020-01-20,685.5015258789062,1868.481201171875,660.3040161132812
2020-01-21,686.1948852539062,1869.0843505859375,655.1912841796875
2020-01-22,685.9488525390625,1899.947509765625,661.8076782226562
2020-01-23,683.0411376953125,1890.4991455078125,673.96630859375
2020-01-24,680.670166015625,1883.984130859375,672.591552734375
2020-01-27,673.9598388671875,1871.7747802734375,668.5958251953125
2020-01-28,658.3919067382812,1884.2867431640625,668.5098876953125
2020-01-29,662.0155029296875,1859.1341552734375,678.5634155273438
2020-01-30,645.865966796875,1844.6815185546875,670.8299560546875
2020-01-31,631.5060424804688,1793.944091796875,666.7484741210938
2020-02-03,619.8077392578125,1814.178466796875,659.4017333984375
2020-02-04,638.1045532226562,1818.7086181640625,676.9738159179688
2020-02-05,647.990966796875,1852.1881103515625,674.1380615234375
2020-02-06,652.1512451171875,1836.4840087890625,662.7958374023438
2020-02-07,641.3478393554688,1843.5592041015625,667.9085693359375
2020-02-10,642.2201538085938,1865.4759521484375,664.3854370117188
2020-02-11,649.8922729492188,1858.0985107421875,664.686279296875
2020-02-12,657.7432861328125,1873.069580078125,671.1307373046875
2020-02-13,659.465576171875,1891.3621826171875,680.7545776367188
2020-02-14,665.4825439453125,1884.6749267578125,675.770751953125
2020-02-17,661.2996826171875,1901.1124267578125,678.3486328125
2020-02-18,656.4459228515625,1911.898681640625,685.3945922851562
2020-02-19,672.7295532226562,1895.1590576171875,687.8004760742188
2020-02-20,664.7443237304688,1861.0323486328125,684.8359985351562
2020-02-24,646.4028930664062,1825.266845703125,683.8478393554688
2020-02-25,633.6309204101562,1860.47119140625,686.0390014648438
2020-02-26,622.7155151367188,1832.38525390625,672.591552734375
2020-02-27,620.1431884765625,1816.7677001953125,668.3809204101562
2020-02-28,594.3756713867188,1725.8642578125,628.7259521484375
2020-03-02,588.7837524414062,1726.8565673828125,636.760009765625
2020-03-03,600.7281494140625,1756.9703369140625,641.8726196289062
2020-03-04,599.3189086914062,1797.525390625,651.9689331054688
2020-03-05,586.5469970703125,1833.6365966796875,648.403076171875
2020-03-06,568.5857543945312,1826.2161865234375,634.9556274414062
2020-03-09,498.4184265136719,1701.8763427734375,605.310791015625
2020-03-11,516.044189453125,1685.7838134765625,589.4573974609375
2020-03-12,475.53631591796875,1527.1456298828125,542.3695678710938
2020-03-13,494.4593200683594,1558.597412109375,551.9502563476562
2020-03-16,454.3764953613281,1463.768310546875,501.081787109375
2020-03-17,450.9319152832031,1430.634521484375,476.85040283203125
2020-03-18,433.2615051269531,1427.5274658203125,459.10650634765625
2020-03-19,410.5359191894531,1422.2694091796875,468.7733459472656
2020-03-20,455.3830871582031,1562.29296875,502.8431701660156
2020-03-23,395.4825134277344,1451.2562255859375,452.36126708984375
2020-03-24,422.0329284667969,1480.329833984375,506.7958679199219
2020-03-25,484.14788818359375,1521.3116455078125,520.8877563476562
2020-03-26,476.9678649902344,1556.6434326171875,552.5089721679688
2020-03-27,476.699462890625,1585.80419921875,560.8438110351562
2020-03-30,460.9749755859375,1545.8223876953125,538.5028686523438
2020-03-31,498.239501953125,1587.1947021484375,551.2199096679688
2020-04-01,483.3426818847656,1485.1971435546875,517.96630859375
2020-04-03,482.0006103515625,1437.7840576171875,503.2728576660156
2020-04-07,539.5526123046875,1542.953857421875,549.0718383789062
2020-04-08,533.3119506835938,1482.3291015625,542.7132568359375
2020-04-09,545.7484130859375,1535.0877685546875,546.7088623046875
2020-04-13,531.969970703125,1529.0906982421875,547.6969604492188
2020-04-15,514.3889770507812,1508.1435546875,549.1148071289062
2020-04-16,522.53076171875,1491.542724609375,536.0538330078125
2020-04-17,547.5601806640625,1569.8984375,540.2643432617188
2020-04-20,556.4177856445312,1580.7191162109375,561.3593139648438
2020-04-21,553.5324096679688,1510.31640625,544.088134765625
2020-04-22,610.0106811523438,1537.9993896484375,551.5206298828125
2020-04-23,613.2764282226562,1632.5220947265625,583.7001953125
2020-04-24,633.8993530273438,1580.6328125,565.3978271484375
2020-04-27,639.6030883789062,1596.3211669921875,571.0689697265625
2020-04-28,638.8873901367188,1615.8338623046875,567.7179565429688
2020-04-29,638.3505249023438,1656.337646484375,581.3373413085938
2020-04-30,655.8196411132812,1750.9034423828125,614.8056640625
2020-05-04,642.0411376953125,1677.892578125,578.8884887695312
2020-05-05,653.42626953125,1679.8919677734375,578.8884887695312
2020-05-06,653.4711303710938,1654.555419921875,572.1861572265625
2020-05-07,674.138671875,1644.168701171875,571.3698120117188
2020-05-08,698.6761474609375,1645.6898193359375,579.318115234375
2020-05-11,705.3864135742188,1682.1083984375,586.7936401367188
2020-05-12,661.7470703125,1694.450439453125,590.8751831054688
2020-05-13,675.7872314453125,1694.5811767578125,596.4603881835938
2020-05-14,648.4657592773438,1653.4691162109375,565.5267944335938
2020-05-15,659.0557250976562,1645.2554931640625,560.5000610351562
2020-05-18,650.6334838867188,1691.060546875,570.4674682617188
2020-05-19,636.2501220703125,1693.7119140625,574.5061645507812
2020-05-20,647.4498291015625,1698.0140380859375,575.3223266601562
2020-05-21,650.8592529296875,1730.695068359375,577.5994262695312
2020-05-22,646.478759765625,1756.0313720703125,594.9136962890625
2020-05-26,643.091796875,1688.8011474609375,584.7743530273438
2020-05-27,652.8010864257812,1742.9501953125,606.1701049804688
2020-05-28,664.8585815429688,1742.0814208984375,607.845703125
2020-05-29,661.3136596679688,1714.3109130859375,601.8361206054688
2020-06-01,686.580322265625,1777.673583984375,609.2827758789062
2020-06-02,693.51220703125,1779.3251953125,616.7295532226562
2020-06-03,696.1992797851562,1783.6834716796875,611.024658203125
2020-06-04,713.427490234375,1823.2598876953125,616.4246826171875
2020-06-05,714.2855224609375,1785.5142822265625,612.7666015625
2020-06-08,708.776123046875,1806.0001220703125,627.8342895507812
2020-06-09,694.1670532226562,1806.261474609375,625.0037231445312
2020-06-10,709.9728393554688,1838.254150390625,623.4794921875
2020-06-11,694.4154052734375,1802.42578125,613.1150512695312
2020-06-12,717.4918823242188,1777.886962890625,602.7505493164062
2020-06-15,729.120361328125,1769.51806640625,598.831298828125
2020-06-16,730.5429077148438,1783.378662109375,610.719970703125
2020-06-17,729.481689453125,1785.1221923828125,612.8538208007812
2020-06-18,747.7937622070312,1776.666259765625,621.78125
2020-06-19,794.53369140625,1782.3321533203125,614.5086059570312
2020-06-22,788.5501098632812,1767.818359375,612.8973999023438
2020-06-23,777.1473388671875,1774.2255859375,627.66015625
2020-06-24,780.2858276367188,1780.2403564453125,621.9988403320312
2020-06-25,775.7925415039062,1757.4884033203125,610.1101684570312
2020-06-26,786.5178833007812,1847.05810546875,651.6552734375
2020-06-29,778.1634521484375,1832.0648193359375,637.3278198242188
2020-06-30,769.560546875,1815.0657958984375,640.9859008789062
2020-07-01,784.68896484375,1823.696044921875,637.45849609375
2020-07-02,798.19775390625,1880.445556640625,658.9712524414062
2020-07-03,810.6897583007812,1917.4940185546875,664.2841796875
2020-07-06,839.6640014648438,1972.892333984375,665.4163208007812
2020-07-07,826.8092651367188,1978.732666015625,691.676025390625
2020-07-08,815.2694091796875,1934.2742919921875,674.7357177734375
2020-07-09,827.1719360351562,1921.5911865234375,680.8323974609375
2020-07-10,851.5665893554688,1937.2821044921875,680.9630737304688
2020-07-13,877.3894653320312,1935.23388671875,694.2017822265625
2020-07-14,869.2277221679688,1893.34716796875,682.1824340820312
2020-07-15,836.1271362304688,1947.350341796875,723.7274780273438
2020-07-16,835.855224609375,1952.4615478515625,793.4481201171875
2020-07-17,866.8245239257812,1922.756591796875,786.611083984375
2020-07-20,870.5426635742188,1929.00341796875,813.7415161132812
2020-07-21,893.9623413085938,1943.986572265625,815.8754272460938
2020-07-22,908.67626953125,1914.1939697265625,799.4578247070312
2020-07-23,933.0708618164062,1896.9385986328125,790.791748046875
2020-07-24,973.1315307617188,1884.8817138671875,803.7691040039062
2020-07-27,977.6885375976562,1928.0418701171875,826.065673828125
2020-07-28,987.437255859375,2017.9879150390625,838.6075439453125
2020-07-29,950.6866455078125,1988.5443115234375,831.0302734375
2020-07-30,956.2185668945312,1991.558837890625,837.3883056640625
2020-07-31,937.2876586914062,1993.21875,841.3511352539062
2020-08-03,910.9434204101562,1969.410888671875,833.4253540039062
2020-08-04,975.1492309570312,1965.5228271484375,827.2850341796875
2020-08-05,964.1988525390625,1974.08544921875,822.7996215820312
2020-08-06,967.6676025390625,2016.54638671875,845.5753173828125
2020-08-07,973.2675170898438,2005.4066162109375,828.1995239257812
2020-08-10,961.206298828125,1994.44140625,828.5914916992188
2020-08-11,967.5316162109375,1991.9083251953125,826.065673828125
2020-08-12,964.7203369140625,1972.2066650390625,831.7269897460938
2020-08-13,962.203857421875,1969.6727294921875,828.4608764648438
2020-08-14,958.4630737304688,1958.926513671875,830.5511474609375
2020-08-17,948.283447265625,1968.755615234375,833.9479370117188
2020-08-18,960.6168212890625,1983.04052734375,842.7011108398438
2020-08-19,966.5114135742188,1971.5513916015625,835.515625
2020-08-20,950.8680419921875,1968.2752685546875,831.9012451171875
2020-08-21,943.975830078125,1964.5618896484375,826.3705444335938
2020-08-24,950.278564453125,1964.1246337890625,825.1511840820312
2020-08-25,944.0892333984375,1959.36328125,817.0512084960938
2020-08-26,969.1185913085938,1968.8431396484375,828.1124267578125
2020-08-27,957.011962890625,1964.3873291015625,824.8462524414062
2020-08-28,959.528564453125,1955.7816162109375,814.5690307617188
2020-08-31,943.4544677734375,1972.1195068359375,808.7769775390625
2020-09-01,946.4243774414062,1962.59619140625,796.191650390625
2020-09-02,964.9923706054688,1979.021484375,804.7706909179688
2020-09-03,957.6921997070312,2009.0321044921875,814.830322265625
2020-09-04,941.8900146484375,1999.6837158203125,800.5465087890625
2020-09-07,944.3385620117188,2033.102294921875,805.6851196289062
2020-09-08,955.4251098632812,2051.58056640625,818.0964965820312
2020-09-09,980.023681640625,2033.626220703125,808.0367431640625
2020-09-10,1049.2398681640625,2036.684814453125,818.7496948242188
2020-09-11,1051.8472900390625,2074.209228515625,823.670654296875
2020-09-14,1044.0482177734375,2176.6923828125,852.1511840820312
2020-09-15,1051.4390869140625,2176.6923828125,855.678466796875
2020-09-16,1054.0235595703125,2186.82666015625,872.4880981445312
2020-09-17,1042.3251953125,2150.08837890625,880.5445556640625
2020-09-18,1045.4764404296875,2140.433837890625,872.8364868164062
2020-09-21,1022.8728637695312,2153.888671875,879.5864868164062
2020-09-22,1002.6044921875,2204.256591796875,877.4961547851562
2020-09-23,1011.5144653320312,2155.767578125,888.1654663085938
2020-09-24,989.0242309570312,2037.645751953125,849.5382080078125
2020-09-25,998.319580078125,2116.320556640625,880.9364013671875
2020-09-28,1004.9169921875,2119.81494140625,880.0220336914062
2020-09-29,1017.9758911132812,2174.070556640625,878.8025512695312
2020-09-30,1013.1241455078125,2177.478271484375,878.1493530273438
2020-10-01,1008.9979248046875,2204.693603515625,886.3364868164062
2020-10-05,1003.0806884765625,2364.00927734375,913.3797607421875
2020-10-06,1002.2417602539062,2371.436279296875,919.52001953125
2020-10-07,1023.6209106445312,2390.350830078125,928.926513671875
2020-10-08,1015.3458862304688,2468.763671875,952.5732421875
2020-10-09,1012.716064453125,2457.625244140625,963.9828491210938
2020-10-12,1014.348388671875,2472.521240234375,986.01806640625
2020-10-13,1034.1407470703125,2469.507080078125,1008.4021606445312
2020-10-14,1037.22412109375,2465.163330078125,990.285888671875
2020-10-15,1000.4959716796875,2404.6220703125,965.2456665039062
2020-10-16,986.5757446289062,2424.539794921875,982.011962890625
2020-10-19,986.7570190429688,2379.134033203125,980.6182250976562
2020-10-20,977.552490234375,2403.21875,990.7213745117188
2020-10-21,963.3600463867188,2347.41552734375,1000.1712646484375
2020-10-22,955.3569946289062,2343.6865234375,983.3618774414062
2020-10-23,958.1229248046875,2357.418701171875,988.1595458984375
2020-10-26,920.057373046875,2358.646240234375,979.3124389648438
2020-10-27,922.5059204101562,2307.713134765625,960.29736328125
2020-10-28,912.0543212890625,2300.73681640625,947.7088623046875
2020-10-29,919.0597534179688,2309.90625,946.2123413085938
2020-10-30,931.5745849609375,2338.158447265625,933.6676025390625
2020-11-02,851.2945556640625,2285.295654296875,943.9674682617188
2020-11-03,839.0291748046875,2310.740234375,935.3843994140625
2020-11-04,867.504638671875,2327.892822265625,963.0263671875
2020-11-05,886.4581298828125,2356.45263671875,971.87353515625
2020-11-06,920.0800170898438,2375.53662109375,979.576416015625
2020-11-09,929.8515014648438,2392.33837890625,1000.5281372070312
2020-11-10,945.2001342773438,2324.778564453125,960.473388671875
2020-11-11,905.5928344726562,2358.295166015625,988.1595458984375
2020-11-12,897.7938232421875,2343.598876953125,983.97802734375
2020-11-13,905.2301025390625,2331.139892578125,989.6561889648438
2020-11-14,907.9054565429688,2342.984619140625,997.7989501953125
2020-11-17,903.8018188476562,2339.21240234375,989.2158813476562
2020-11-18,901.05859375,2304.6416015625,977.6398315429688
2020-11-19,894.6878051757812,2313.634765625,965.4913330078125
2020-11-20,861.2926635742188,2334.123046875,971.3013916015625
2020-11-23,884.5084228515625,2390.27685546875,1003.4330444335938
2020-11-24,890.5616455078125,2388.34716796875,1003.6091918945312
2020-11-25,883.193359375,2370.139892578125,982.12939453125
2020-11-26,885.3698120117188,2387.07421875,979.9724731445312
2020-11-27,875.0316162109375,2351.144287109375,968.3523559570312
2020-12-01,886.412841796875,2392.5146484375,1001.6724243164062
2020-12-02,887.8864135742188,2412.475341796875,1004.357421875
2020-12-03,890.5616455078125,2377.290771484375,991.6367797851562
2020-12-04,882.71728515625,2393.172119140625,998.8555297851562
2020-12-07,887.9091186523438,2402.07763671875,1006.6464233398438
2020-12-08,904.0286254882812,2454.37109375,1015.3174438476562
2020-12-09,919.08251953125,2466.216796875,1034.5523681640625
2020-12-10,910.0365600585938,2442.96484375,1027.9940185546875
2020-12-11,909.492431640625,2442.35107421875,1023.9886474609375
2020-12-14,902.9176025390625,2454.722412109375,1025.177001953125
2020-12-15,895.2320556640625,2423.003662109375,1016.4177856445312
2020-12-16,896.2294921875,2469.19921875,1026.189208984375
2020-12-17,900.3330688476562,2490.25732421875,1020.4673461914062
2020-12-18,903.0310668945312,2510.26220703125,1047.4051513671875
2020-12-21,879.5205078125,2474.419921875,1036.4014892578125
2020-12-22,878.160400390625,2520.353515625,1074.430908203125
2020-12-23,881.4024047851562,2552.158935546875,1103.08544921875
2020-12-24,904.2100219726562,2552.68505859375,1088.1201171875
2020-12-28,908.35888671875,2570.276611328125,1091.861328125
2020-12-29,902.350830078125,2571.241943359375,1100.66455078125
2020-12-30,904.8220825195312,2552.64111328125,1097.583251953125
2020-12-31,900.1971435546875,2511.7978515625,1105.5062255859375
2021-01-01,901.1946411132812,2569.2685546875,1109.5997314453125
2021-01-04,902.713623046875,2666.8359375,1134.07275390625
2021-01-05,891.4912109375,2713.82080078125,1138.9583740234375
2021-01-06,867.9807739257812,2677.408447265625,1128.6585693359375
2021-01-07,866.5751342773438,2661.000732421875,1111.09619140625
2021-01-08,876.800048828125,2738.300537109375,1155.0682373046875
2021-01-11,860.2724609375,2787.039794921875,1211.49658203125
2021-01-12,887.3876953125,2785.636962890625,1207.579345703125
2021-01-13,879.1124877929688,2771.685791015625,1221.136474609375
2021-01-14,888.997314453125,2857.615478515625,1206.47900390625
2021-01-15,878.5003662109375,2842.36328125,1183.98681640625
2021-01-18,899.5850219726562,2832.166015625,1155.0242919921875
2021-01-19,914.2988891601562,2866.405517578125,1159.0736083984375
2021-01-20,931.6652221679688,2908.68994140625,1179.1448974609375
2021-01-21,951.9336547851562,2877.96630859375,1179.364990234375
2021-01-22,929.3526611328125,2903.678466796875,1180.37744140625
2021-01-25,880.110107421875,2893.306396484375,1166.51220703125
2021-01-27,859.252197265625,2866.713623046875,1145.296630859375
2021-01-28,850.886474609375,2810.013916015625,1123.4647216796875
2021-01-29,835.1976928710938,2735.116455078125,1090.7607421875
2021-02-01,859.3882446289062,2759.72998046875,1109.9959716796875
2021-02-02,873.2179565429688,2816.0791015625,1119.107177734375
2021-02-03,875.4171752929688,2813.09033203125,1130.903564453125
2021-02-04,872.5377807617188,2802.892578125,1126.2376708984375
2021-02-05,872.2883911132812,2776.08056640625,1119.8553466796875
2021-02-08,884.848388671875,2825.441162109375,1147.54150390625
2021-02-09,886.9796142578125,2792.7392578125,1149.3023681640625
2021-02-10,895.2092895507812,2824.73779296875,1141.335205078125
2021-02-11,932.1187133789062,2818.3212890625,1137.9459228515625
2021-02-12,925.7252807617188,2804.95849609375,1153.0435791015625
2021-02-15,921.6444091796875,2760.16943359375,1152.911376953125
2021-02-16,933.8416748046875,2732.87451171875,1135.9652099609375
2021-02-17,944.6106567382812,2701.4921875,1127.9544677734375
2021-02-18,937.5599365234375,2687.6455078125,1137.7698974609375
2021-02-19,943.2730102539062,2700.392333984375,1136.7576904296875
2021-02-22,910.5352783203125,2600.705322265625,1113.7813720703125
2021-02-23,917.4954833984375,2619.825439453125,1114.79345703125
2021-02-24,934.5219116210938,2591.607177734375,1121.7921142578125
2021-02-25,972.3153076171875,2633.099609375,1122.01220703125
2021-02-26,945.7669677734375,2544.313232421875,1103.3055419921875
2021-03-01,952.9764404296875,2570.595947265625,1115.365966796875
2021-03-02,954.9261474609375,2642.81298828125,1148.3778076171875
2021-03-03,998.5009155273438,2689.1845703125,1182.754150390625
2021-03-04,986.598388671875,2680.921142578125,1171.1341552734375
2021-03-05,987.890625,2644.307373046875,1159.1175537109375
2021-03-08,993.5133056640625,2643.340087890625,1175.887939453125
2021-03-09,993.4905395507812,2682.02001953125,1184.514892578125
2021-03-10,989.3642578125,2699.601806640625,1204.4102783203125
2021-03-12,969.2547607421875,2688.173583984375,1210.308349609375
2021-03-15,956.2411499023438,2695.3818359375,1209.2081298828125
2021-03-16,952.4777221679688,2733.972900390625,1218.3634033203125
2021-03-17,931.9598999023438,2736.5224609375,1221.004150390625
2021-03-18,910.98876953125,2669.31689453125,1177.0762939453125
2021-03-19,944.0439453125,2681.3603515625,1183.5467529296875
2021-03-22,935.1566162109375,2751.203125,1206.7431640625
2021-03-23,946.5377197265625,2762.58740234375,1207.4033203125
2021-03-24,928.3097534179688,2743.686767578125,1191.733642578125
2021-03-25,902.9857177734375,2694.239501953125,1174.171142578125
2021-03-26,904.4366455078125,2695.9541015625,1176.2840576171875
2021-03-30,920.1480102539062,2776.60888671875,1219.5078125
2021-03-31,908.2681274414062,2793.57470703125,1204.322021484375
2021-04-01,916.77001953125,2782.2783203125,1219.419677734375
2021-04-05,903.5071411132812,2847.2421875,1241.16357421875
2021-04-06,899.7435913085938,2869.922607421875,1242.176025390625
2021-04-07,908.15478515625,2875.812255859375,1259.0341796875
2021-04-08,909.288330078125,2916.205810546875,1267.5291748046875
2021-04-09,898.723388671875,2920.513916015625,1268.5855712890625
2021-04-12,866.5751342773438,2853.966796875,1255.1165771484375
2021-04-13,875.9384765625,2728.698974609375,1229.9395751953125
2021-04-15,881.6063232421875,2829.705078125,1197.89599609375
2021-04-16,876.0745239257812,2808.78271484375,1191.733642578125
2021-04-19,862.2902221679688,2779.465576171875,1199.480712890625
2021-04-20,862.0408935546875,2764.30126953125,1189.620849609375
2021-04-22,864.42138671875,2741.6650390625,1189.40087890625
2021-04-23,863.4918823242188,2733.48974609375,1174.171142578125
2021-04-26,878.6817016601562,2725.841796875,1182.754150390625
2021-04-27,901.716064453125,2753.26904296875,1187.1119384765625
2021-04-28,905.6382446289062,2746.32421875,1193.7144775390625
2021-04-29,917.767578125,2738.544677734375,1194.0224609375
2021-04-30,904.36865234375,2668.56982421875,1192.2618408203125
2021-05-03,888.2945556640625,2669.756591796875,1190.2373046875
2021-05-04,869.0463256835938,2680.96484375,1170.2977294921875
2021-05-05,870.6334228515625,2721.3583984375,1180.9495849609375
2021-05-06,875.57568359375,2735.2041015625,1198.6444091796875
2021-05-07,875.9158935546875,2754.059814453125,1190.6773681640625
2021-05-10,873.3992919921875,2765.13623046875,1179.23291015625
2021-05-11,876.5507202148438,2745.005615234375,1171.3983154296875
2021-05-12,867.4819946289062,2714.23828125,1168.18505859375
2021-05-14,878.4324340820312,2682.503173828125,1158.853515625
2021-05-17,888.8839721679688,2698.546630859375,1170.2977294921875
2021-05-18,901.398681640625,2715.292724609375,1179.629150390625
2021-05-19,905.5248413085938,2709.31494140625,1176.9884033203125
2021-05-20,900.2423706054688,2689.975830078125,1179.0128173828125
2021-05-21,908.018798828125,2707.99658203125,1192.3936767578125
2021-05-24,900.3557739257812,2708.87548828125,1186.716064453125
2021-05-25,890.153564453125,2750.8359375,1198.6444091796875
2021-05-26,893.2822265625,2790.14599609375,1230.0274658203125
2021-05-27,896.0255737304688,2809.13818359375,1234.4293212890625
2021-05-28,949.8478393554688,2776.984130859375,1236.894287109375
2021-05-31,979.5475463867188,2790.720458984375,1240.1864013671875
2021-06-01,983.4470825195312,2785.28759765625,1234.3580322265625
2021-06-02,998.1156005859375,2764.484130859375,1226.75
2021-06-03,1001.9243774414062,2774.907958984375,1236.5380859375
2021-06-04,993.2412109375,2777.116943359375,1232.9788818359375
2021-06-07,1009.9727783203125,2811.965576171875,1236.5380859375
2021-06-08,1004.1688842773438,2826.939208984375,1257.2708740234375
2021-06-09,986.2130126953125,2827.027587890625,1259.362060546875
2021-06-10,989.8404541015625,2841.6474609375,1267.370361328125
2021-06-11,1007.0098266601562,2891.99951171875,1287.480224609375
2021-06-14,1021.4566650390625,2894.252197265625,1300.7386474609375
2021-06-15,1023.7770385742188,2882.23828125,1311.5054931640625
2021-06-16,1006.3045043945312,2892.4853515625,1317.46728515625
2021-06-17,1008.1473999023438,2930.824462890625,1330.5474853515625
2021-06-18,1012.697509765625,2912.7587890625,1337.666259765625
2021-06-21,1017.9756469726562,2891.38134765625,1334.9967041015625
2021-06-22,1012.742919921875,2916.20361328125,1345.2740478515625
2021-06-23,1003.4608154296875,2881.045654296875,1337.53271484375
2021-06-24,979.868408203125,2980.160400390625,1387.406982421875
2021-06-25,957.5499877929688,2986.52099609375,1400.754150390625
2021-06-28,949.155029296875,2947.607666015625,1398.6187744140625
2021-06-29,949.97412109375,2951.22998046875,1390.8331298828125
2021-06-30,960.3712158203125,2955.55859375,1406.6273193359375
2021-07-01,954.5924682617188,2951.804443359375,1388.474853515625
2021-07-02,968.7432861328125,2937.62646484375,1395.0595703125
2021-07-05,978.3668212890625,2933.6953125,1404.98095703125
2021-07-06,966.8095703125,2881.840576171875,1390.07666015625
2021-07-07,960.0980834960938,2893.015380859375,1392.2120361328125
2021-07-08,952.1581420898438,2878.484375,1388.7861328125
2021-07-09,942.4208984375,2834.005859375,1390.699462890625
2021-07-12,948.2905883789062,2820.7109375,1377.3076171875
2021-07-13,955.3887939453125,2815.808837890625,1374.7271728515625
2021-07-14,949.155029296875,2839.659423828125,1403.15673828125
2021-07-15,947.4943237304688,2835.5869140625,1406.6273193359375
2021-07-16,961.1674194335938,2828.3720703125,1384.0701904296875
2021-07-19,955.0474853515625,2819.341796875,1371.835205078125
2021-07-20,952.7041625976562,2838.10986328125,1379.2652587890625
2021-07-22,964.9440307617188,2847.450439453125,1414.991455078125
2021-07-23,958.1188354492188,2844.351318359375,1415.2138671875
2021-07-26,944.9917602539062,2830.806640625,1427.181884765625
2021-07-27,935.0496826171875,2817.880859375,1425.9808349609375
2021-07-28,927.0187377929688,2831.028076171875,1428.6947021484375
2021-07-29,934.25341796875,2829.257568359375,1438.8387451171875
2021-07-30,926.0860595703125,2804.158935546875,1433.0548095703125
2021-08-02,943.0125122070312,2850.14990234375,1451.785400390625
2021-08-03,949.9513549804688,2908.137939453125,1472.829833984375
2021-08-04,957.2315673828125,2898.44384765625,1467.53564453125
2021-08-05,971.109375,2907.29638671875,1471.3616943359375
2021-08-06,950.5429077148438,2930.181640625,1468.3804931640625
2021-08-09,945.128173828125,2941.602294921875,1480.0374755859375
2021-08-10,950.0877685546875,2951.517578125,1492.4503173828125
2021-08-11,963.3969116210938,2960.636474609375,1492.7171630859375
2021-08-12,960.3028564453125,2967.3203125,1503.439697265625
2021-08-13,976.2965087890625,3066.1650390625,1523.5494384765625
2021-08-16,988.9685668945312,3074.619140625,1516.6087646484375
2021-08-17,984.759765625,3145.531982421875,1549.754638671875
2021-08-18,988.5819091796875,3152.172119140625,1542.458251953125
2021-08-20,977.4795532226562,3151.2421875,1542.01318359375
2021-08-23,983.895263671875,3220.2080078125,1547.1741943359375
2021-08-24,993.6097412109375,3198.783203125,1531.2462158203125
2021-08-25,1002.20947265625,3239.330810546875,1544.326904296875
2021-08-26,1014.8814697265625,3250.70654296875,1537.3416748046875
2021-08-27,1013.4937744140625,3293.466796875,1520.5242919921875
2021-08-30,1032.990966796875,3276.7783203125,1510.9586181640625
2021-08-31,1027.4854736328125,3352.162353515625,1518.4329833984375
2021-09-01,1031.5577392578125,3288.863037109375,1492.895263671875
2021-09-02,1043.9796142578125,3396.693115234375,1502.994873046875
2021-09-03,1086.796142578125,3401.3857421875,1513.2720947265625
2021-09-06,1103.67724609375,3410.193603515625,1539.744384765625
2021-09-07,1110.638916015625,3378.23486328125,1518.6112060546875
2021-09-08,1106.2933349609375,3341.2734375,1506.6875
2021-09-09,1103.67724609375,3356.544189453125,1505.2191162109375
2021-09-13,1079.083984375,3404.306640625,1505.4862060546875
2021-09-14,1077.67333984375,3440.206298828125,1500.3697509765625
2021-09-15,1082.1551513671875,3500.982421875,1522.882080078125
2021-09-16,1104.860107421875,3455.610107421875,1514.69580078125
2021-09-17,1087.72900390625,3388.8134765625,1504.9522705078125
2021-09-20,1089.4580078125,3384.96337890625,1501.8822021484375
2021-09-21,1094.1673583984375,3419.888427734375,1529.1107177734375
2021-09-22,1105.9068603515625,3419.180419921875,1527.7318115234375
2021-09-23,1132.9344482421875,3425.465576171875,1550.5555419921875
2021-09-24,1129.6583251953125,3427.2802734375,1569.508544921875
2021-09-27,1148.655029296875,3396.871337890625,1531.513427734375
2021-09-28,1159.393310546875,3345.700439453125,1501.215087890625
2021-09-29,1150.2021484375,3356.9873046875,1505.7977294921875
2021-09-30,1146.2889404296875,3342.512451171875,1490.626220703125
2021-10-01,1148.3138427734375,3302.36376953125,1481.68359375
2021-10-04,1163.0789794921875,3340.520751953125,1493.784912109375
2021-10-05,1187.2174072265625,3393.63916015625,1506.287109375
2021-10-06,1164.7625732421875,3373.80810546875,1489.157958984375
2021-10-07,1170.472900390625,3446.4033203125,1504.6851806640625
2021-10-08,1215.450927734375,3484.25,1533.916015625
2021-10-11,1206.987548828125,3262.879150390625,1504.640869140625
2021-10-12,1213.8809814453125,3233.88623046875,1499.4798583984375
2021-10-13,1226.234619140625,3235.966064453125,1520.8798828125
2021-10-14,1228.71435546875,3203.368408203125,1526.7083740234375
2021-10-18,1231.9906005859375,3235.03466796875,1594.6905517578125
2021-10-19,1243.024658203125,3223.504150390625,1621.38525390625
2021-10-20,1228.71435546875,3201.063232421875,1603.7666015625
2021-10-21,1193.26904296875,3133.33984375,1560.4327392578125
2021-10-22,1195.4986572265625,3103.4921875,1530.3121337890625
2021-10-25,1183.8502197265625,3098.259033203125,1519.4119873046875
2021-10-26,1210.8095703125,3089.07861328125,1529.421142578125
2021-10-27,1195.4986572265625,3095.42041015625,1552.0882568359375
2021-10-28,1182.3941650390625,3035.01513671875,1529.6009521484375
2021-10-29,1154.0242919921875,3013.816162109375,1497.14892578125
2021-11-01,1154.7294921875,3083.5791015625,1526.144775390625
2021-11-02,1137.89404296875,3090.49755859375,1524.2147216796875
2021-11-03,1130.06787109375,3097.638427734375,1528.343994140625
2021-11-04,1137.0067138671875,3112.18408203125,1533.909912109375
2021-11-08,1138.4173583984375,3106.951904296875,1559.7637939453125
2021-11-09,1147.40380859375,3109.568359375,1564.252197265625
2021-11-10,1160.2352294921875,3090.586181640625,1562.1427001953125
2021-11-11,1162.35107421875,3094.045654296875,1555.993408203125
2021-11-12,1179.8917236328125,3127.618896484375,1598.0955810546875
2021-11-15,1172.9300537109375,3151.789306640625,1604.3348388671875
2021-11-16,1145.6748046875,3154.53955078125,1608.9581298828125
2021-11-17,1121.149658203125,3123.938232421875,1604.6041259765625
2021-11-18,1125.3812255859375,3082.958251953125,1597.377685546875
2021-11-22,1075.5345458984375,3067.61279296875,1579.4234619140625
2021-11-23,1085.5904541015625,3072.801513671875,1559.22509765625
2021-11-24,1069.9154052734375,3054.219482421875,1522.5089111328125
2021-11-25,1134.3221435546875,3056.525390625,1546.20849609375
2021-11-26,1097.761962890625,3057.3681640625,1518.60400390625
2021-11-29,1110.9119873046875,3106.2861328125,1522.822998046875
2021-11-30,1094.48583984375,3130.368408203125,1537.4556884765625
2021-12-01,1122.5146484375,3173.521240234375,1539.4755859375
2021-12-02,1129.7265625,3231.264892578125,1569.4141845703125
2021-12-03,1095.7825927734375,3229.091796875,1558.0133056640625
2021-12-06,1075.0113525390625,3136.799560546875,1521.880615234375
2021-12-07,1083.7703857421875,3179.464111328125,1536.55810546875
2021-12-08,1100.2645263671875,3217.073486328125,1573.9923095703125
2021-12-09,1117.7142333984375,3194.76513671875,1583.05908203125
2021-12-10,1118.851806640625,3225.854736328125,1579.2889404296875
2021-12-13,1096.4197998046875,3201.772705078125,1566.1824951171875
2021-12-14,1082.996826171875,3214.3232421875,1572.9151611328125
2021-12-15,1079.8345947265625,3166.9130859375,1556.80126953125
2021-12-16,1093.80322265625,3176.89208984375,1590.3756103515625
2021-12-17,1064.932861328125,3179.33154296875,1634.5875244140625
2021-12-20,1036.2216796875,3154.983154296875,1614.883056640625
2021-12-21,1051.646484375,3200.574951171875,1626.2838134765625
2021-12-22,1076.60400390625,3220.488037109375,1638.0435791015625
2021-12-23,1076.2171630859375,3248.828369140625,1667.5780029296875
2021-12-24,1079.652587890625,3256.100830078125,1672.8746337890625
2021-12-27,1078.4923095703125,3278.453857421875,1675.253662109375
2021-12-28,1091.30078125,3287.72265625,1694.8685302734375
2021-12-29,1093.1663818359375,3277.212158203125,1692.6693115234375
2021-12-30,1073.4189453125,3311.849609375,1699.222412109375
2021-12-31,1077.5367431640625,3315.929931640625,1694.64404296875
2022-01-03,1093.780517578125,3386.358154296875,1704.2493896484375
2022-01-04,1118.465087890625,3445.787353515625,1704.8779296875
2022-01-05,1123.6976318359375,3424.67578125,1655.9530029296875
2022-01-06,1099.5364990234375,3377.2216796875,1631.8494873046875
2022-01-07,1108.4093017578125,3418.068115234375,1628.707763671875
2022-01-10,1109.3193359375,3441.44091796875,1661.428955078125
2022-01-11,1117.3048095703125,3473.4169921875,1665.7828369140625
2022-01-12,1147.130859375,3423.744873046875,1685.397705078125
2022-01-13,1153.592041015625,3457.450927734375,1702.768310546875
2022-01-14,1155.275390625,3519.762939453125,1731.988525390625
2022-01-17,1161.304443359375,3565.00048828125,1741.100341796875
2022-01-18,1147.4493408203125,3539.676513671875,1724.268310546875
2022-01-19,1147.3582763671875,3478.409912109375,1676.0616455078125
2022-01-20,1127.2696533203125,3400.127685546875,1637.1458740234375
2022-01-21,1127.45166015625,3406.30322265625,1603.032958984375
2022-01-24,1081.9730224609375,3351.07861328125,1559.135498046875
2022-01-25,1079.8572998046875,3349.790283203125,1545.984130859375
2022-01-27,1063.863525390625,3242.58544921875,1506.888916015625
2022-01-28,1062.83984375,3278.8388671875,1513.71142578125
2022-01-31,1085.9317626953125,3319.890380859375,1558.5968017578125
2022-02-01,1082.337158203125,3377.11328125,1590.7796630859375
2022-02-02,1084.5438232421875,3426.4736328125,1604.2900390625
2022-02-03,1070.529541015625,3398.395263671875,1560.7064208984375
2022-02-04,1060.7694091796875,3389.775390625,1562.9954833984375
2022-02-07,1054.3084716796875,3357.87646484375,1539.5653076171875
2022-02-08,1072.031005859375,3326.287841796875,1541.630126953125
2022-02-09,1084.5211181640625,3341.482421875,1559.584228515625
2022-02-10,1083.406494140625,3350.190673828125,1588.580078125
2022-02-11,1081.29052734375,3283.19287109375,1545.2657470703125
2022-02-14,1064.068359375,3317.6689453125,1510.12060546875
2022-02-15,1100.1964111328125,3392.352783203125,1560.4371337890625
2022-02-16,1097.9212646484375,3388.177001953125,1555.993408203125
2022-02-17,1111.82177734375,3362.49755859375,1548.363037109375
2022-02-18,1103.1312255859375,3371.115966796875,1532.338623046875
2022-02-21,1091.9833984375,3304.918212890625,1553.6591796875
2022-02-22,1087.023681640625,3186.7392578125,1556.9359130859375
2022-02-23,1080.22119140625,3166.65771484375,1564.56640625
2022-02-24,1026.393310546875,3022.577392578125,1506.4849853515625
2022-02-25,1039.224853515625,3128.405029296875,1521.2520751953125
2022-02-28,1073.62353515625,3158.12744140625,1540.1038818359375
2022-03-02,1091.3690185546875,3150.974609375,1528.6134033203125
2022-03-03,1082.1551513671875,3149.41943359375,1544.816650390625
2022-03-04,1058.1533203125,3131.603759765625,1547.016357421875
2022-03-07,1019.022216796875,3096.550048828125,1561.8731689453125
2022-03-08,1017.1793212890625,3198.779541015625,1596.3004150390625
2022-03-09,1071.1436767578125,3227.791259765625,1627.8546142578125
2022-03-10,1088.50244140625,3217.439453125,1639.12109375
2022-03-11,1091.6419677734375,3198.068359375,1635.619873046875
2022-03-14,1100.605712890625,3237.031982421875,1697.292236328125
2022-03-15,1075.398193359375,3193.404052734375,1651.1502685546875
2022-03-16,1093.55322265625,3248.493896484375,1696.125244140625
2022-03-17,1129.2032470703125,3263.466552734375,1664.8851318359375
2022-03-21,1122.6966552734375,3222.54833984375,1663.4937744140625
2022-03-22,1151.703857421875,3288.524169921875,1694.3299560546875
2022-03-23,1155.366455078125,3298.697998046875,1680.8642578125
2022-03-24,1173.316650390625,3331.975341796875,1693.701416015625
2022-03-25,1181.1429443359375,3294.299560546875,1684.5899658203125
2022-03-28,1193.018798828125,3294.521728515625,1682.2109375
2022-03-29,1193.2916259765625,3292.434326171875,1693.072998046875
2022-03-30,1216.2244873046875,3315.71435546875,1709.1866455078125
2022-03-31,1198.8428955078125,3323.177734375,1711.7904052734375
2022-04-01,1208.443603515625,3339.88330078125,1708.8277587890625
2022-04-04,1212.015625,3350.190673828125,1690.3350830078125
2022-04-05,1194.88427734375,3389.68701171875,1670.72021484375
2022-04-06,1191.699462890625,3336.861572265625,1641.7691650390625
2022-04-07,1170.677734375,3273.59619140625,1625.7449951171875
2022-04-08,1190.1522216796875,3274.929443359375,1628.9766845703125
2022-04-11,1187.6724853515625,3284.4814453125,1585.8421630859375
2022-04-12,1165.30859375,3279.771728515625,1564.207275390625
2022-04-13,1161.0313720703125,3253.8701171875,1569.683349609375
2022-04-18,1157.4822998046875,3134.8916015625,1455.5400390625
2022-04-19,1201.595703125,3084.99853515625,1402.2164306640625
2022-04-20,1236.9273681640625,3160.437744140625,1425.287353515625
2022-04-21,1265.8890380859375,3224.28125,1453.2061767578125
2022-04-22,1255.2872314453125,3209.975830078125,1423.2674560546875
2022-04-25,1226.2574462890625,3152.796142578125,1401.408447265625
2022-04-26,1262.9539794921875,3151.10791015625,1419.2728271484375
2022-04-27,1264.1827392578125,3164.347412109375,1393.9573974609375
2022-04-28,1283.065673828125,3184.87353515625,1420.709228515625
2022-04-29,1269.597412109375,3151.46337890625,1407.19873046875
2022-05-02,1265.1383056640625,3147.641845703125,1383.3646240234375
2022-05-04,1225.64306640625,3091.974365234375,1378.4722900390625
2022-05-05,1201.6412353515625,3121.8740234375,1422.998291015625
2022-05-06,1192.42724609375,3050.07861328125,1385.025146484375
2022-05-09,1145.8568115234375,3061.185546875,1409.7122802734375
2022-05-10,1125.9954833984375,3055.543212890625,1394.1370849609375
2022-05-11,1114.4609375,3031.774169921875,1370.5723876953125
2022-05-12,1091.755859375,3028.79736328125,1354.4586181640625
2022-05-13,1104.132080078125,3034.35107421875,1350.508544921875
2022-05-16,1104.4051513671875,3000.496826171875,1336.773681640625
2022-05-17,1150.7935791015625,3066.96142578125,1363.1212158203125
2022-05-18,1154.979736328125,3064.472900390625,1354.8175048828125
2022-05-19,1128.361572265625,2898.4453125,1281.1610107421875
2022-05-20,1194.15625,2926.03515625,1306.2965087890625
2022-05-23,1186.1708984375,2951.581298828125,1318.191162109375
2022-05-24,1190.2431640625,2921.59228515625,1293.593994140625
2022-05-25,1188.491455078125,2833.613525390625,1266.1690673828125
2022-05-26,1177.16162109375,2886.660400390625,1278.2880859375
2022-05-27,1171.7015380859375,2917.387939453125,1311.8623046875
2022-05-30,1212.51611328125,3019.321533203125,1370.6173095703125
2022-05-31,1197.8873291015625,3009.571044921875,1364.0853271484375
2022-06-01,1198.2742919921875,3001.385498046875,1341.3594970703125
2022-06-02,1239.5892333984375,3062.03662109375,1368.076904296875
2022-06-03,1264.7059326171875,3077.3779296875,1380.5057373046875
2022-06-06,1259.2685546875,3069.14794921875,1388.0811767578125
2022-06-07,1261.6346435546875,3008.094970703125,1366.8975830078125
2022-06-08,1239.4755859375,3045.173828125,1360.8192138671875
2022-06-09,1273.46484375,3065.7041015625,1374.427490234375
2022-06-10,1235.0164794921875,3005.590576171875,1339.77197265625
2022-06-13,1211.6514892578125,2880.085205078125,1292.32470703125
2022-06-14,1195.8170166015625,2871.98974609375,1306.885498046875
2022-06-15,1181.3475341796875,2868.18798828125,1290.2381591796875
2022-06-16,1164.8309326171875,2810.66845703125,1267.557861328125
2022-06-17,1178.481201171875,2763.16796875,1258.576416015625
2022-06-20,1157.118408203125,2784.189208984375,1282.93505859375
2022-06-21,1175.796630859375,2873.24169921875,1315.3677978515625
2022-06-22,1140.0780029296875,2883.082275390625,1303.8917236328125
2022-06-23,1121.581787109375,2959.87890625,1317.6812744140625
2022-06-24,1137.5528564453125,2945.833984375,1307.3843994140625
2022-06-27,1134.185791015625,2965.156982421875,1337.7760009765625
2022-06-28,1150.1337890625,2968.2431640625,1342.81103515625
2022-06-29,1173.9993896484375,2943.509033203125,1327.479248046875
2022-06-30,1181.052001953125,2922.576171875,1326.25439453125
2022-07-01,1095.987548828125,2965.514892578125,1342.130615234375
2022-07-04,1098.2623291015625,2893.906005859375,1349.9327392578125
2022-07-05,1107.157958984375,2877.13330078125,1339.000732421875
2022-07-06,1097.4207763671875,2916.89599609375,1353.243896484375
2022-07-07,1086.6141357421875,2941.138671875,1359.6397705078125
2022-07-08,1088.1158447265625,2921.100341796875,1373.928466796875
2022-07-11,1102.9036865234375,2785.44287109375,1336.460693359375
2022-07-12,1101.333740234375,2759.4111328125,1305.1163330078125
2022-07-13,1081.8138427734375,2718.306396484375,1310.4234619140625
2022-07-14,1090.7320556640625,2689.60546875,1296.27099609375
2022-07-15,1092.847900390625,2685.883056640625,1297.6319580078125
2022-07-18,1102.15283203125,2747.679931640625,1351.6563720703125
2022-07-19,1108.9097900390625,2757.322509765625,1346.43994140625
2022-07-20,1138.89501953125,2838.536865234375,1374.6995849609375
2022-07-21,1131.29638671875,2849.748779296875,1390.6666259765625
2022-07-22,1138.940673828125,2844.097900390625,1366.53466796875
2022-07-25,1101.3111572265625,2840.285888671875,1364.0853271484375
2022-07-26,1101.8116455078125,2794.67822265625,1316.5018310546875
2022-07-27,1100.7652587890625,2860.10791015625,1334.5555419921875
2022-07-28,1118.0101318359375,2924.371337890625,1376.604736328125
2022-07-29,1141.829833984375,2961.50341796875,1405.9075927734375
2022-08-01,1171.5877685546875,2958.72265625,1407.1324462890625
2022-08-02,1176.0467529296875,2952.444580078125,1400.373779296875
2022-08-03,1185.9205322265625,2995.227294921875,1420.7860107421875
2022-08-04,1170.245361328125,3009.0849609375,1451.4498291015625
2022-08-05,1153.00048828125,3018.143310546875,1466.645751953125
2022-08-08,1168.0841064453125,3026.573974609375,1469.140625
2022-08-10,1175.068603515625,3008.4560546875,1453.7630615234375
2022-08-11,1178.9815673828125,3069.670654296875,1469.639404296875
2022-08-12,1198.046630859375,3050.880126953125,1446.18798828125
2022-08-16,1206.3734130859375,3042.942626953125,1448.31982421875
2022-08-17,1212.67529296875,3050.47705078125,1457.2105712890625
2022-08-18,1214.87451171875,3032.67333984375,1436.072509765625
2022-08-19,1193.213623046875,3036.708984375,1448.90966796875
2022-08-22,1189.904052734375,3008.725830078125,1429.449951171875
2022-08-23,1208.2552490234375,2945.987060546875,1399.284912109375
2022-08-24,1205.0369873046875,2919.75244140625,1394.8397216796875
2022-08-25,1201.5218505859375,2886.43212890625,1377.2852783203125
2022-08-26,1195.108154296875,2890.019287109375,1380.36962890625
2022-08-29,1185.8184814453125,2809.611572265625,1326.118408203125
2022-08-30,1204.21533203125,2880.1083984375,1354.4234619140625
2022-09-01,1168.81396484375,2808.849609375,1328.341064453125
2022-09-02,1155.1646728515625,2807.68310546875,1318.18017578125
2022-09-05,1173.1051025390625,2810.3740234375,1325.7100830078125
2022-09-06,1185.4532470703125,2804.6787109375,1320.085205078125
2022-09-07,1178.5601806640625,2824.904296875,1322.3988037109375
2022-09-08,1180.226318359375,2842.88671875,1338.9554443359375
2022-09-09,1172.8768310546875,2885.938232421875,1371.388427734375
2022-09-12,1186.0010986328125,2908.63037109375,1393.6602783203125
2022-09-13,1195.906982421875,2896.432373046875,1401.598388671875
2022-09-14,1181.572998046875,2798.714111328125,1338.5018310546875
2022-09-15,1169.8638916015625,2784.318603515625,1299.854736328125
2022-09-16,1140.8763427734375,2698.529541015625,1249.2774658203125
2022-09-19,1142.35986328125,2716.55712890625,1261.298095703125
2022-09-20,1142.54248046875,2726.871826171875,1259.71044921875
2022-09-21,1145.6925048828125,2691.802978515625,1249.4588623046875
2022-09-22,1134.896240234375,2697.36328125,1241.0218505859375
2022-09-23,1113.62353515625,2674.626708984375,1238.753662109375
2022-09-26,1085.252197265625,2685.70361328125,1252.180419921875
2022-09-27,1093.8800048828125,2706.376953125,1264.24658203125
2022-09-28,1064.7554931640625,2722.701416015625,1265.2896728515625
2022-09-29,1061.4915771484375,2688.3046875,1268.873291015625
2022-09-30,1085.434814453125,2694.807861328125,1282.2998046875
2022-10-03,1081.6688232421875,2677.228271484375,1264.4281005859375
2022-10-04,1101.61767578125,2772.4794921875,1296.7701416015625
2022-10-06,1105.680419921875,2782.166015625,1320.130859375
2022-10-07,1110.359619140625,2748.93603515625,1316.5472412109375
2022-10-10,1098.2396240234375,2797.055419921875,1326.9349365234375
2022-10-11,1076.3734130859375,2753.1064453125,1291.689697265625
2022-10-12,1084.293701171875,2781.089599609375,1296.1348876953125
2022-10-13,1087.7401123046875,2783.37744140625,1288.1514892578125
2022-10-14,1082.216552734375,2779.655029296875,1337.45849609375
2022-10-17,1099.5863037109375,2798.1787109375,1351.70166015625
2022-10-18,1118.9873046875,2827.808837890625,1364.176025390625
2022-10-19,1138.4569091796875,2807.261474609375,1347.6192626953125
2022-10-20,1141.5155029296875,2839.138916015625,1361.6357421875
2022-10-21,1128.2769775390625,2821.244140625,1361.272705078125
2022-10-24,1132.0430908203125,2843.095703125,1377.012939453125
2022-10-25,1114.5592041015625,2843.455322265625,1384.6790771484375
2022-10-27,1118.941650390625,2839.228515625,1397.6563720703125
2022-10-28,1153.1790771484375,2844.489501953125,1387.8428955078125
2022-10-31,1163.8837890625,2871.37646484375,1410.220947265625
2022-11-01,1154.8680419921875,2931.22021484375,1442.6414794921875
2022-11-02,1162.08056640625,2915.033935546875,1424.5740966796875
2022-11-03,1166.4173583984375,2883.605712890625,1403.8927001953125
2022-11-04,1183.58154296875,2893.182861328125,1388.531005859375
2022-11-07,1189.904052734375,2907.840087890625,1382.5235595703125
2022-11-09,1188.7171630859375,2891.96875,1385.9627685546875
2022-11-10,1174.337646484375,2882.616943359375,1377.4794921875
2022-11-11,1201.407958984375,2981.802001953125,1439.9818115234375
2022-11-14,1195.58740234375,2999.3818359375,1453.9222412109375
2022-11-15,1190.2237548828125,2996.774169921875,1461.9010009765625
2022-11-16,1183.3990478515625,3017.2314453125,1469.971923828125
2022-11-17,1186.45751953125,3011.521240234375,1455.8480224609375
2022-11-18,1185.8184814453125,3006.531005859375,1461.3507080078125
2022-11-21,1164.4771728515625,2952.6220703125,1438.239013671875
2022-11-22,1170.9366455078125,2980.903076171875,1453.69287109375
2022-11-23,1167.2845458984375,2974.9228515625,1451.9501953125
2022-11-24,1177.3505859375,3039.532470703125,1494.734130859375
2022-11-25,1194.9256591796875,3048.074951171875,1500.099609375
2022-11-28,1235.987548828125,3053.110595703125,1488.864501953125
2022-11-29,1238.110107421875,3054.99951171875,1494.0465087890625
2022-11-30,1246.85205078125,3049.109375,1499.4573974609375
2022-12-01,1243.17724609375,3125.408935546875,1519.7718505859375
2022-12-02,1242.6522216796875,3092.5869140625,1502.1630859375
2022-12-05,1224.5294189453125,3080.672119140625,1503.859619140625
2022-12-06,1228.067138671875,3044.208251953125,1479.23486328125
2022-12-07,1209.9443359375,3039.937255859375,1472.447998046875
2022-12-08,1209.37353515625,3012.91552734375,1485.884033203125
2022-12-09,1191.04541015625,2960.939453125,1439.248046875
2022-12-12,1192.8712158203125,2955.27392578125,1418.9794921875
2022-12-13,1198.3037109375,2996.32470703125,1441.8616943359375
2022-12-14,1193.9669189453125,3026.2236328125,1448.5111083984375
2022-12-15,1177.008056640625,2972.04541015625,1412.834716796875
2022-12-16,1171.187744140625,2913.730712890625,1396.05126953125
2022-12-19,1186.5716552734375,2879.3798828125,1382.431884765625
2022-12-20,1196.843017578125,2917.057373046875,1382.38623046875
2022-12-21,1179.8155517578125,2939.178466796875,1384.4495849609375
2022-12-22,1176.7569580078125,2931.22021484375,1395.9136962890625
2022-12-23,1142.245849609375,2903.029541015625,1373.031494140625
2022-12-26,1152.22021484375,2925.10498046875,1377.8922119140625
2022-12-27,1161.64697265625,2931.04052734375,1389.3104248046875
2022-12-28,1161.5328369140625,2928.8828125,1384.9998779296875
2022-12-29,1161.0078125,2939.358154296875,1391.786865234375
2022-12-30,1162.7880859375,2928.522216796875,1383.21142578125
2023-01-02,1175.8896484375,2932.794189453125,1397.701904296875
2023-01-03,1167.2845458984375,2977.66552734375,1396.372314453125
2023-01-04,1149.7095947265625,2980.6328125,1370.922119140625
2023-01-05,1147.6553955078125,2977.44091796875,1352.9461669921875
2023-01-06,1158.086181640625,2887.922607421875,1328.4591064453125
2023-01-09,1185.4302978515625,2985.3984375,1361.4298095703125
2023-01-10,1167.90087890625,2955.229736328125,1347.947998046875
2023-01-11,1153.1790771484375,2993.26708984375,1349.3236083984375
2023-01-12,1128.2769775390625,2998.34765625,1357.8988037109375
2023-01-13,1126.451171875,3034.496826171875,1379.03857421875
2023-01-16,1115.723388671875,3066.22607421875,1399.077880859375
2023-01-17,1131.56396484375,3107.012451171875,1411.91748046875
2023-01-18,1129.692138671875,3117.68115234375,1417.3287353515625
2023-01-19,1128.4825439453125,3102.138916015625,1411.367431640625
2023-01-20,1115.0615234375,3092.94189453125,1399.1236572265625
2023-01-23,1109.4237060546875,3140.580810546875,1419.713134765625
2023-01-24,1102.873046875,3160.26171875,1423.2900390625
2023-01-25,1087.6259765625,3154.23779296875,1415.1275634765625
2023-01-27,1066.992431640625,3137.0400390625,1393.25390625
2023-01-30,1077.218017578125,3157.824951171875,1411.2757568359375
2023-01-31,1074.5244140625,3088.8955078125,1406.6441650390625
2023-02-01,1068.1563720703125,3134.556884765625,1422.5562744140625
2023-02-02,1062.2447509765625,3182.426025390625,1452.5006103515625
2023-02-03,1063.1806640625,3202.566650390625,1466.8533935546875
2023-02-06,1055.169189453125,3182.01123046875,1439.75244140625
2023-02-07,1052.6356201171875,3193.60009765625,1432.9197998046875
2023-02-08,1073.6573486328125,3237.330078125,1458.691162109375
2023-02-09,1075.52880859375,3256.413330078125,1482.994873046875
2023-02-10,1066.6728515625,3253.378173828125,1475.245361328125
2023-02-13,1060.6014404296875,3202.658447265625,1437.55126953125
2023-02-14,1085.5947265625,3218.93701171875,1461.2132568359375
2023-02-15,1110.1768798828125,3237.836181640625,1464.6983642578125
2023-02-16,1109.3094482421875,3272.231689453125,1469.0545654296875
2023-02-17,1113.94287109375,3219.90234375,1452.54638671875
2023-02-20,1102.16552734375,3207.16455078125,1460.4794921875
2023-02-21,1111.1585693359375,3173.78125,1448.6026611328125
2023-02-22,1085.959716796875,3128.302978515625,1432.369384765625
2023-02-23,1080.7557373046875,3139.569580078125,1422.1893310546875
2023-02-24,1088.1510009765625,3127.291748046875,1422.1436767578125
2023-02-27,1080.91552734375,3064.20263671875,1384.2203369140625
2023-02-28,1060.2362060546875,3046.728759765625,1364.27294921875
2023-03-01,1069.982421875,3113.726806640625,1372.0684814453125
2023-03-02,1061.8338623046875,3054.636962890625,1350.1490478515625
2023-03-03,1088.9271240234375,3073.674560546875,1356.7066650390625
2023-03-06,1099.5633544921875,3100.98876953125,1382.5235595703125
2023-03-08,1103.5120849609375,3118.048583984375,1368.995849609375
2023-03-09,1076.9896240234375,3068.80029296875,1357.71533203125
2023-03-10,1060.3046875,3063.420166015625,1349.598876953125
2023-03-13,1042.8665771484375,3018.310791015625,1316.1695556640625
2023-03-14,1038.9635009765625,2956.692626953125,1302.3209228515625
2023-03-15,1021.205810546875,2941.93212890625,1302.0
2023-03-16,1016.1157836914062,2929.148681640625,1287.7386474609375
2023-03-17,1014.8377075195312,2923.906494140625,1302.962890625
2023-03-20,1004.8632202148438,2890.79833984375,1287.3258056640625
2023-03-21,1036.1102294921875,2856.587158203125,1275.448974609375
2023-03-22,1039.26025390625,2879.302978515625,1274.119384765625
2023-03-23,1026.1131591796875,2873.646728515625,1260.6375732421875
2023-03-24,1005.7989501953125,2869.830322265625,1266.2320556640625
2023-03-27,1021.4338989257812,2871.48583984375,1273.843994140625
2023-03-28,1026.2044677734375,2865.599365234375,1263.4346923828125
2023-03-29,1020.1329956054688,2886.751953125,1268.8917236328125
2023-03-31,1064.116455078125,2948.36962890625,1309.6119384765625
2023-04-03,1064.299072265625,2942.944091796875,1293.92919921875
2023-04-05,1061.74267578125,2979.546875,1305.5767822265625
2023-04-06,1068.8638916015625,2961.98095703125,1304.0633544921875
2023-04-10,1061.2861328125,3001.25048828125,1309.2911376953125
2023-04-11,1066.535888671875,2955.635009765625,1289.61865234375
2023-04-12,1071.23779296875,2981.248046875,1309.93310546875
2023-04-13,1075.27783203125,2932.68994140625,1274.0733642578125
2023-04-17,1080.73291015625,2887.303955078125,1154.0213623046875
2023-04-18,1068.3619384765625,2879.2568359375,1154.984375
2023-04-19,1073.6800537109375,2841.412353515625,1130.08447265625
2023-04-20,1070.9637451171875,2855.391357421875,1122.0137939453125
2023-04-21,1072.310546875,2906.9384765625,1125.636474609375
2023-04-24,1076.4190673828125,2919.76806640625,1124.67333984375
2023-04-25,1084.6588134765625,2920.871826171875,1123.389404296875
2023-04-26,1078.290771484375,2941.241943359375,1125.81982421875
2023-04-27,1085.1153564453125,2931.86181640625,1142.969970703125
2023-04-28,1104.9500732421875,2960.647216796875,1148.931396484375
2023-05-02,1114.3311767578125,2960.78564453125,1171.5843505859375
2023-05-03,1104.7674560546875,2924.458251953125,1163.972412109375
2023-05-04,1117.503662109375,2961.98095703125,1168.007568359375
2023-05-05,1114.650634765625,2971.177490234375,1154.7550048828125
2023-05-08,1128.4139404296875,2989.47900390625,1160.7164306640625
2023-05-09,1131.90625,3019.506103515625,1165.3936767578125
2023-05-10,1139.6895751953125,3022.771484375,1158.561279296875
2023-05-11,1132.2486572265625,3018.494384765625,1152.003662109375
2023-05-12,1134.097412109375,3011.275634765625,1142.0069580078125
2023-05-15,1136.334228515625,2993.571533203125,1154.0672607421875
2023-05-16,1120.1513671875,2996.42236328125,1159.524169921875
2023-05-17,1113.5322265625,2950.944580078125,1143.566162109375
2023-05-18,1111.1356201171875,2942.805419921875,1142.74072265625
2023-05-19,1114.7418212890625,2963.958251953125,1163.742919921875
2023-05-22,1120.6990966796875,3033.715087890625,1185.662353515625
2023-05-23,1120.49365234375,3032.19775390625,1192.3116455078125
2023-05-24,1113.9659423828125,3037.99169921875,1191.0274658203125
2023-05-25,1113.8289794921875,3028.932861328125,1196.2550048828125
2023-05-26,1144.2088623046875,3061.4892578125,1208.2694091796875
2023-05-29,1150.645263671875,3053.6259765625,1205.47216796875
2023-05-30,1150.3486328125,3049.8095703125,1214.1390380859375
2023-05-31,1127.5009765625,3025.25439453125,1209.0489501953125
2023-06-01,1124.46533203125,3056.982421875,1210.149658203125
2023-06-02,1120.7904052734375,3040.0615234375,1207.361083984375
2023-06-05,1130.856201171875,3024.70263671875,1212.4732666015625
2023-06-06,1131.81494140625,2972.649169921875,1188.772216796875
2023-06-07,1140.3970947265625,3011.826904296875,1198.0201416015625
2023-06-08,1141.0816650390625,2976.4658203125,1192.30419921875
2023-06-09,1133.001953125,2951.496826171875,1176.642822265625
2023-06-12,1134.006103515625,2986.076171875,1200.8084716796875
2023-06-13,1150.759521484375,2983.13330078125,1212.798583984375
2023-06-14,1164.910888671875,2989.89306640625,1208.66259765625
2023-06-15,1165.23046875,2979.932861328125,1196.02197265625
2023-06-16,1176.574462890625,2941.57568359375,1200.5299072265625
2023-06-19,1164.8880615234375,2974.46630859375,1202.714111328125
2023-06-20,1167.3074951171875,2990.495361328125,1211.4510498046875
2023-06-21,1170.59423828125,3018.753662109375,1207.6866455078125
2023-06-22,1157.4471435546875,3000.5009765625,1191.1422119140625
2023-06-23,1147.974853515625,2979.979736328125,1175.7598876953125
2023-06-26,1139.210205078125,2955.2412109375,1180.732421875
2023-06-27,1139.62109375,2962.375732421875,1188.91162109375
2023-06-28,1154.708251953125,2979.1455078125,1202.1099853515625
2023-06-30,1164.1805419921875,3059.566162109375,1241.2864990234375
2023-07-03,1194.0582275390625,3031.817626953125,1239.6134033203125
2023-07-04,1181.755615234375,3065.681396484375,1250.2554931640625
2023-07-05,1179.8155517578125,3075.96533203125,1252.25390625
2023-07-06,1204.5804443359375,3078.6982421875,1249.09375
2023-07-07,1202.2296142578125,3084.582275390625,1236.3602294921875
2023-07-10,1248.5411376953125,3031.4931640625,1235.38427734375
2023-07-11,1262.076171875,3031.909912109375,1253.462158203125
2023-07-12,1263.4683837890625,3020.32861328125,1239.24169921875
2023-07-13,1252.170166015625,3095.0517578125,1268.798095703125
2023-07-14,1251.1202392578125,3256.35693359375,1325.3553466796875
2023-07-17,1276.6842041015625,3235.093505859375,1322.5670166015625
2023-07-18,1287.52587890625,3239.864990234375,1371.1309814453125
2023-07-19,1297.294921875,3215.03515625,1370.8988037109375
2023-07-20,1295.723876953125,3217.12451171875,1347.2442626953125
2023-07-21,1255.6134033203125,3128.877685546875,1237.6614990234375
2023-07-24,1230.216796875,3153.447265625,1242.3087158203125
2023-07-25,1229.425537109375,3157.534912109375,1240.4498291015625
2023-07-26,1249.4063720703125,3147.456298828125,1253.694580078125
2023-07-27,1237.7838134765625,3155.444580078125,1257.6912841796875
2023-07-28,1250.2225341796875,3116.894775390625,1245.93359375
2023-07-31,1260.8065185546875,3178.24951171875,1260.0611572265625
2023-08-01,1242.9769287109375,3206.67431640625,1268.89111328125
2023-08-02,1229.697509765625,3196.08447265625,1261.130126953125
2023-08-03,1224.5291748046875,3158.277587890625,1268.0546875
2023-08-04,1241.171630859375,3198.778564453125,1281.1134033203125
2023-08-07,1248.244140625,3236.399658203125,1294.7301025390625
2023-08-08,1240.7264404296875,3223.906005859375,1292.1275634765625
2023-08-09,1248.911865234375,3216.38134765625,1296.0313720703125
2023-08-10,1254.4759521484375,3197.431640625,1291.1051025390625
2023-08-11,1259.767822265625,3203.6552734375,1275.0721435546875
2023-08-14,1274.6546630859375,3204.630859375,1295.2412109375
2023-08-16,1273.6160888671875,3212.573486328125,1318.430908203125
2023-08-17,1255.2425537109375,3191.533203125,1311.971435546875
2023-08-18,1264.54052734375,3127.76318359375,1290.8262939453125
2023-08-21,1250.74267578125,3159.85693359375,1306.25537109375
2023-08-22,1250.44482421875,3141.74267578125,1304.7215576171875
2023-08-23,1251.8345947265625,3156.698486328125,1308.625244140625
2023-08-24,1230.7904052734375,3146.945068359375,1323.1712646484375
2023-08-25,1225.1075439453125,3140.953125,1319.918212890625
2023-08-28,1212.8978271484375,3135.61181640625,1315.7821044921875
2023-08-29,1201.2838134765625,3136.169677734375,1317.64111328125
2023-08-30,1200.1422119140625,3149.917236328125,1333.906494140625
2023-08-31,1194.65771484375,3118.195068359375,1334.185302734375
2023-09-01,1197.4619140625,3139.002685546875,1341.99267578125
2023-09-04,1196.494140625,3175.509521484375,1361.74365234375
2023-09-05,1202.8968505859375,3185.588134765625,1374.5701904296875
2023-09-06,1205.4281005859375,3186.098876953125,1373.2222900390625
2023-09-07,1207.06591796875,3209.646728515625,1362.7659912109375
2023-09-08,1215.1064453125,3197.24560546875,1365.9261474609375
2023-09-11,1228.20947265625,3233.24169921875,1372.29296875
2023-09-12,1210.4659423828125,3326.272705078125,1395.2041015625
2023-09-13,1216.52099609375,3314.243408203125,1392.64794921875
2023-09-14,1217.6376953125,3306.997802734375,1400.6412353515625
2023-09-15,1219.8961181640625,3342.528564453125,1404.96337890625
2023-09-18,1209.274658203125,3349.821044921875,1386.5601806640625
2023-09-20,1182.323974609375,3349.728271484375,1385.11962890625
2023-09-21,1173.712890625,3330.452880859375,1395.8082275390625
2023-09-22,1168.8240966796875,3347.498291015625,1390.603271484375
2023-09-25,1161.6273193359375,3322.882080078125,1370.1552734375
2023-09-26,1162.6446533203125,3330.824462890625,1357.6075439453125
2023-09-27,1175.7476806640625,3334.16845703125,1363.5096435546875
2023-09-28,1158.4755859375,3285.353759765625,1337.9031982421875
2023-09-29,1163.8856201171875,3277.783447265625,1334.185302734375
2023-10-03,1150.55908203125,3264.08203125,1332.837646484375
2023-10-04,1148.5738525390625,3286.282958984375,1342.4573974609375
2023-10-05,1148.549072265625,3334.215576171875,1360.2099609375
2023-10-06,1150.4847412109375,3363.9873046875,1374.3841552734375
2023-10-09,1140.6822509765625,3379.732177734375,1371.3634033203125
2023-10-10,1145.719970703125,3370.953857421875,1389.673828125
2023-10-11,1163.910400390625,3353.304443359375,1388.9765625
2023-10-12,1166.0693359375,3290.741455078125,1362.1153564453125
2023-10-13,1166.0198974609375,3317.02978515625,1330.188720703125
2023-10-16,1163.4140625,3273.556640625,1332.97705078125
2023-10-17,1168.972900390625,3257.764404296875,1340.6915283203125
2023-10-18,1153.4627685546875,3239.37255859375,1338.9256591796875
2023-10-19,1144.603271484375,3218.324462890625,1332.5123291015625
2023-10-20,1141.104248046875,3254.552734375,1326.563720703125
2023-10-23,1123.2861328125,3175.94921875,1309.27587890625
2023-10-25,1120.6802978515625,3157.276611328125,1289.8814697265625
2023-10-26,1105.0709228515625,3107.590087890625,1279.9014892578125
2023-10-27,1124.5765380859375,3120.81494140625,1299.57861328125
2023-10-30,1147.7548828125,3146.51953125,1296.4716796875
2023-10-31,1135.5452880859375,3137.392822265625,1288.3277587890625
2023-11-01,1140.2603759765625,3101.908935546875,1274.9117431640625
2023-11-02,1151.57666015625,3129.3369140625,1289.9755859375
2023-11-03,1151.3284912109375,3120.768798828125,1307.7696533203125
2023-11-06,1160.9075927734375,3148.102783203125,1321.185791015625
2023-11-07,1153.3634033203125,3138.97607421875,1322.127197265625
2023-11-08,1159.368896484375,3149.313720703125,1309.60546875
2023-11-09,1146.787109375,3117.555419921875,1294.353515625
2023-11-10,1148.946044921875,3104.51708984375,1288.75146484375
2023-11-13,1148.7972412109375,3102.74755859375,1293.176513671875
2023-11-15,1169.5684814453125,3170.501220703125,1327.96435546875
2023-11-16,1171.6778564453125,3257.626220703125,1360.3515625
2023-11-17,1169.121826171875,3261.910400390625,1353.4315185546875
2023-11-20,1166.044677734375,3277.8828125,1352.5369873046875
2023-11-21,1180.7109375,3269.1279296875,1354.7967529296875
2023-11-22,1185.326904296875,3287.707763671875,1372.4967041015625
2023-11-23,1188.9500732421875,3267.312255859375,1364.4468994140625
2023-11-24,1188.1558837890625,3219.675048828125,1353.29052734375
2023-11-28,1188.404052734375,3231.828857421875,1358.2801513671875
2023-11-29,1191.5308837890625,3272.434326171875,1374.191162109375
2023-11-30,1179.9913330078125,3248.080810546875,1370.0018310546875
2023-12-01,1188.3544921875,3270.478271484375,1367.318359375
2023-12-04,1201.209228515625,3271.22314453125,1378.663330078125
2023-12-05,1209.9197998046875,3289.058349609375,1368.871826171875
2023-12-06,1221.5091552734375,3356.5791015625,1388.0311279296875
2023-12-07,1219.4990234375,3366.637451171875,1380.1226806640625
2023-12-08,1218.853759765625,3377.626953125,1403.8951416015625
2023-12-11,1220.6405029296875,3392.71435546875,1401.400146484375
2023-12-12,1203.1202392578125,3419.909423828125,1389.6787109375
2023-12-13,1208.03369140625,3346.75390625,1364.211669921875
2023-12-14,1223.0228271484375,3415.39208984375,1413.5924072265625
2023-12-15,1238.6324462890625,3595.83642578125,1486.0396728515625
2023-12-18,1251.239013671875,3594.15966796875,1472.8118896484375
2023-12-19,1269.6527099609375,3554.11279296875,1467.1158447265625
2023-12-20,1254.2913818359375,3520.44580078125,1446.497314453125
2023-12-21,1271.8614501953125,3527.3837890625,1446.1207275390625
2023-12-22,1273.1021728515625,3561.376953125,1471.446533203125
2023-12-26,1279.554443359375,3534.881103515625,1453.6055908203125
2023-12-27,1283.922119140625,3549.45654296875,1475.4007568359375
2023-12-28,1293.203369140625,3538.93212890625,1471.2113037109375
2023-12-29,1282.9791259765625,3532.878662109375,1452.6170654296875
